"Incident ID","Incident Date",State,"City Or County",Address,"# Victims Injured","# Victims Killed","# Subjects-Suspects Injured","# Subjects-Suspects Killed","# Subjects-Suspects Arrested",Operations
1585009,"December 31, 2019","New York",Rochester,"Conkey Ave",0,0,0,0,0,N/A
1589640,"December 31, 2019",Florida,Melbourne,"2000 block of Leewood Blvd",0,1,0,0,1,N/A
1584955,"December 31, 2019",Indiana,"Cedar Lake","13245 Grimm St",0,0,0,0,1,N/A
1583806,"December 30, 2019",Texas,Killeen,"802 N College St",0,1,0,0,1,N/A
1584447,"December 30, 2019",Maryland,Annapolis,"200 block of Croll Dr",0,0,0,0,0,N/A
1582865,"December 29, 2019",Texas,Houston,"1205 Federal Rd",0,0,0,0,0,N/A
1582852,"December 29, 2019",Nevada,"Las Vegas","Raven Creek Ave",1,0,0,0,1,N/A
1582249,"December 29, 2019",Texas,"Fort Worth (White Settlement)","1900 S Las Vegas Trail",0,2,0,1,0,N/A
1583041,"December 28, 2019",Maryland,Hampstead,"1800 block of Fairmount Rd",0,0,0,0,2,N/A
1581743,"December 27, 2019",Delaware,Seaford,"14000 block of County Seat Hwy",0,0,0,0,1,N/A
1629370,"December 27, 2019",Maryland,"Port Republic","1900 Weems Rd",0,0,0,0,1,N/A
1581199,"December 27, 2019",Utah,Roy,"2200 W 4500 South",1,0,0,0,0,N/A
1588477,"December 26, 2019","North Carolina",Kinston,"947 Dawson Station Rd",0,0,0,0,1,N/A
1583045,"December 26, 2019",Arkansas,Batesville,"101 Campbell Ln",1,0,0,0,1,N/A
1580772,"December 25, 2019","West Virginia",Buckhannon,"Greenbrier Dr",0,0,0,0,1,N/A
1579682,"December 24, 2019","New Mexico",Albuquerque,N/A,0,0,0,0,1,N/A
1581305,"December 24, 2019",Idaho,"Idaho Falls","9000 N block of 70th E",0,0,0,0,1,N/A
1578630,"December 23, 2019",Arkansas,Bryant,"5100 Hurricane Dr",1,0,0,1,0,N/A
1578411,"December 23, 2019",Texas,Channelview,"1835 Amie Michele Ln",1,0,0,3,0,N/A
1578181,"December 22, 2019",Utah,Newton,N/A,0,0,0,0,1,N/A
1578933,"December 21, 2019",Maryland,"Glen Burnie","100 block of Inglewood Dr",0,0,0,0,1,N/A
1577536,"December 20, 2019","New York","Niagara Falls","1412 Pine Ave",0,0,0,0,1,N/A
1577361,"December 20, 2019",Colorado,"Colorado Springs","1900 block of Alpine Dr",0,0,0,0,1,N/A
1575970,"December 19, 2019",Alabama,Wilmer,"Old Moffat Rd",0,0,1,0,0,N/A
1575286,"December 18, 2019",Virginia,Petersburg,"600 St Mark St",1,0,1,0,2,N/A
1575054,"December 18, 2019",Utah,Farmington,"1060 N 1100 W",0,0,0,0,0,N/A
1584704,"December 18, 2019","North Carolina",Middlesex,"10547 Baldy Hill Rd",0,0,0,0,1,N/A
1576157,"December 18, 2019",Florida,"Vero Beach","5700 block of 39th St",0,0,1,0,1,N/A
1574729,"December 17, 2019",Georgia,Lawrenceville,N/A,0,0,0,0,2,N/A
1574330,"December 16, 2019",Texas,Houston,"9600 block of Homestead Rd",1,0,0,0,0,N/A
1572818,"December 16, 2019",Nevada,"Las Vegas","2300 block of Exeter Dr",1,0,0,1,0,N/A
1574960,"December 16, 2019",Tennessee,Goodlettsville,"106 Rivergate Pkwy",0,0,0,0,1,N/A
1573909,"December 16, 2019",Kansas,Emporia,"1209 Sundown Cir",0,0,0,0,5,N/A
1573346,"December 16, 2019","New York",Troy,"715 5th Ave",0,1,1,0,1,N/A
1573595,"December 16, 2019",Mississippi,Tupelo,"4125 Golden Wave Dr",0,0,0,0,0,N/A
1572855,"December 15, 2019","South Carolina","Johns Island","4100 block of Chisolm Rd",0,0,0,0,1,N/A
1573169,"December 14, 2019",Massachusetts,Gardner,"168 Parker Street",0,0,0,0,1,N/A
1572115,"December 14, 2019",Arizona,Tucson,"201 E Yavapai Rd",0,1,0,1,0,N/A
1573643,"December 14, 2019",Delaware,Newark,"W Main St",0,0,0,0,0,N/A
1571128,"December 13, 2019","South Carolina",Cayce,"1929 Bluff Rd",0,0,0,0,0,N/A
1573889,"December 13, 2019","North Carolina",Richlands,"Lillie Ln",0,0,0,0,1,N/A
1574765,"December 13, 2019","South Dakota","Sioux Falls","3400 block of W 51st St",0,0,0,0,0,N/A
1571193,"December 12, 2019",Washington,Renton,"SE 168th St and SE 116th Ave",0,0,0,1,0,N/A
1570262,"December 12, 2019",Virginia,Henrico,"7700 block of Wilton Rd",1,1,0,0,1,N/A
1574515,"December 12, 2019",Tennessee,Rogersville,"333 Sulphur Springs Rd",0,0,0,0,1,N/A
1569505,"December 9, 2019",Virginia,Roanoke,"2000 block of Centre Ave",0,0,0,0,0,N/A
1568424,"December 9, 2019","West Virginia",Elkins,"212 Davis Ave",0,0,1,0,1,N/A
1569244,"December 9, 2019",Arizona,Phoenix,"7232 N 27th Ave",1,0,0,0,1,N/A
1569021,"December 9, 2019",Pennsylvania,"Wilkes Barre","Dana St",0,0,0,0,1,N/A
1566926,"December 8, 2019",Michigan,"Carson City","7400 block of S Blackmer Rd",0,0,0,0,1,N/A
2441412,"December 8, 2019","North Carolina","Newton Grove","Corbett Rd",0,1,0,0,1,N/A
1568956,"December 8, 2019",Nebraska,Lincoln,"S 56th St and O St",0,0,0,0,1,N/A
1568031,"December 8, 2019",Texas,Houston,"11800 block of Airline Dr",1,0,0,0,0,N/A
1569555,"December 8, 2019",Iowa,Logan,N/A,1,0,0,0,0,N/A
1568262,"December 7, 2019",Illinois,Bement,"S Macon St and E Mansfield St",0,0,0,0,1,N/A
1589971,"December 6, 2019",Missouri,Arnold,"Jeffco Blvd",0,0,0,0,1,N/A
1565654,"December 6, 2019",Illinois,Quincy,"2043 Maple St",0,0,0,0,1,N/A
1571041,"December 6, 2019",Iowa,"Mason City","900 block of N Adams Ave",0,0,0,0,2,N/A
1568134,"December 6, 2019",Illinois,Springfield,"2112 S MacArthur Blvd",0,0,1,0,0,N/A
1566093,"December 6, 2019",Texas,Amarillo,"NE 24th Ave and N Wilson St",0,0,2,0,0,N/A
1567031,"December 5, 2019",Alaska,Wasilla,"W Hollywood Rd and Sylvan Ln",1,0,0,0,6,N/A
1565664,"December 5, 2019",Arizona,"Prescott Valley","Paseo Escondido",0,0,0,0,1,N/A
1569200,"December 4, 2019",Kentucky,Louisville,"4001 Dutchmans Ln",0,0,0,0,1,N/A
1564888,"December 4, 2019",Minnesota,"Chisago City","24900 block of Keyston Ave",0,0,0,0,1,N/A
1564498,"December 4, 2019","Rhode Island",Johnston,"839 Sanderson Rd",0,0,0,0,1,N/A
1565009,"December 3, 2019",Georgia,"Atlanta (College Park)","3025 Merk Rd SW",0,0,0,0,0,N/A
1563940,"December 3, 2019",Vermont,Bristol,"3190 Lower Notch Road",0,0,1,0,1,N/A
1564728,"December 3, 2019",Illinois,Champaign,"1500 block of Garden Hills Dr",0,0,0,0,1,N/A
1565110,"December 3, 2019",Pennsylvania,Ernest,"265 Store Hill Rd",0,0,0,0,5,N/A
1562914,"December 2, 2019",Ohio,Logan,"12000 block of Maysville-Williams Rd",0,1,0,1,0,N/A
1563644,"December 2, 2019",Texas,Kilgore,"3800 block of FM 2087",0,1,0,0,1,N/A
1564778,"December 2, 2019",Connecticut,Stamford,"Linden Place",0,0,0,0,2,N/A
1562632,"December 2, 2019",Arizona,Mesa,"E Broadway Rd and S Gilbert Rd",0,0,0,1,0,N/A
1564405,"December 2, 2019","New Jersey",Bridgewater,"Country Club Rd",0,0,0,0,1,N/A
1567864,"November 30, 2019",Texas,Laredo,"500 block of Organo Blvd",0,0,0,0,1,N/A
1561769,"November 30, 2019",Texas,Katy,"24000 block of Pepperrell Place St",1,1,0,0,1,N/A
1562714,"November 30, 2019","New Jersey",Paramus,"Pleasant Ave",0,1,0,0,0,N/A
1563015,"November 30, 2019",Texas,"San Angelo","6600 block of Goodland Loop",0,0,0,0,1,N/A
1565023,"November 29, 2019",Kansas,Leavenworth,"2900 block of Martin Luther King Dr",0,0,0,0,0,N/A
1562888,"November 29, 2019",Texas,Lubbock,"66th St and University Ave",0,0,0,0,0,N/A
1565622,"November 29, 2019",Arizona,Snowflake,"4521 Colt Rd",1,0,0,0,1,N/A
1562012,"November 29, 2019",Illinois,Elburn,"422 Railroad Ave",0,0,0,0,1,N/A
1560404,"November 28, 2019",Kansas,Baker,"E 540th Ave and S 270th St",0,0,0,1,0,N/A
1559425,"November 27, 2019",Mississippi,Vicksburg,"3708 Halls Ferry Rd",0,1,0,0,1,N/A
1558752,"November 26, 2019","North Dakota",Fargo,"4101 13th Ave S",0,0,0,0,0,N/A
1575847,"November 26, 2019",Texas,Baytown,"4010 Greylag Ct",0,0,0,0,1,N/A
1558512,"November 26, 2019",Tennessee,Martin,"8161 Hwy 45 S",0,0,0,0,1,N/A
1558266,"November 26, 2019",Pennsylvania,York,"100 block of E 6th St",0,1,0,0,1,N/A
1559878,"November 26, 2019",Mississippi,Vicksburg,"1700 block of South St",0,0,0,0,0,N/A
1558339,"November 25, 2019",Kansas,Hutchinson,"500 block of Coronado Dr",0,0,0,0,1,N/A
1557132,"November 25, 2019",Florida,"Dade City",N/A,0,1,0,0,1,N/A
1557895,"November 24, 2019",Minnesota,"North Branch","19000 block of I-95 NE",2,0,0,0,0,N/A
1557780,"November 24, 2019",Pennsylvania,"Huntingdon Valley","2300 block of Dale Rd",0,1,0,0,1,N/A
1558064,"November 24, 2019","South Carolina",Pendleton,"State Rd S-39-150",1,0,0,0,0,N/A
1559711,"November 22, 2019",Tennessee,Rogersville,"202 Light Rd",0,0,0,0,2,N/A
1554525,"November 20, 2019",Wisconsin,Milwaukee,"E Capitol Dr and Eastbrook Pkwy",0,0,0,0,1,N/A
1554702,"November 19, 2019",Indiana,Evansville,"1104 E. Diamond Ave",0,0,0,0,1,N/A
1553587,"November 19, 2019",Maryland,Midland,"Church Hill Rd",0,0,0,0,1,N/A
1553550,"November 19, 2019",Illinois,Mundelein,"26300 block of N Diamond Lake Rd",0,0,0,0,1,N/A
1619758,"November 19, 2019","New York","Glens Falls","Henry St",0,0,1,0,1,N/A
1552340,"November 18, 2019","West Virginia",Burlington,"74 Maple Hollow Ln",0,2,0,0,3,N/A
1552533,"November 18, 2019",Ohio,Hillsboro,"5000 block of OH-124",0,0,0,1,0,N/A
1553072,"November 18, 2019",Arkansas,Gentry,"400 block of S. Giles Ave",0,0,0,0,3,N/A
1551138,"November 17, 2019","North Carolina",Burlington,"701 Edinburgh Ct",0,0,0,0,1,N/A
1553305,"November 17, 2019",Missouri,Joplin,"N Black Cat Rd and W Fountain Rd",0,0,0,0,1,N/A
1553229,"November 16, 2019",Texas,"Port Arthur","600 block of 19th St",0,0,0,0,1,N/A
1551415,"November 16, 2019","New York",Albany,"West St and Robin St",1,0,0,0,0,N/A
1550742,"November 15, 2019","New York",Albany,"300 block of Second St",1,0,0,0,0,N/A
1552138,"November 15, 2019",Minnesota,Shafer,N/A,0,0,0,0,1,N/A
1550362,"November 15, 2019","New York",Auburn,"8 Delevan St",0,1,0,0,4,N/A
1550062,"November 14, 2019","New Mexico",Roswell,"1716 W 2nd St",1,0,0,0,0,N/A
1549459,"November 14, 2019",Ohio,Cleveland,"3700 block of E 142nd St",0,0,0,1,0,N/A
1549421,"November 14, 2019","South Carolina",Westminster,"Rochester Rd and W Oak Highway",1,0,0,0,1,N/A
1549433,"November 14, 2019",Pennsylvania,Richland,"100 block of Gap Ave",0,0,0,0,2,N/A
1548866,"November 13, 2019",Pennsylvania,Erie,"58 Kellogg St",0,0,0,0,2,N/A
1549769,"November 12, 2019",Connecticut,Darien,"Old Farm Road",0,0,0,0,1,N/A
1547497,"November 12, 2019",Virginia,Gordonsville,"7084 S Spotswood Trail",1,1,0,0,1,N/A
1546468,"November 10, 2019",Georgia,Athens,"6000 block of Old Jefferson Rd",0,1,0,0,1,N/A
1545688,"November 9, 2019",Texas,"Fort Worth","4900 block of Lovell Ave",1,0,0,0,0,N/A
1546999,"November 9, 2019",Oklahoma,Tulsa,"8201 E Skelly Dr",0,0,0,0,1,N/A
1545361,"November 9, 2019","West Virginia",Pinch,"Sawyer Dr",0,0,0,0,1,N/A
1545787,"November 9, 2019",Oregon,Bend,"21500 block of Bear Creek Rd",1,0,0,0,1,N/A
1546856,"November 8, 2019","New Jersey",Princeton,"Albert Way",0,0,0,0,1,N/A
1548609,"November 8, 2019",Michigan,Mayville,"Kelch Rd",1,0,0,0,1,N/A
1543761,"November 7, 2019",Connecticut,Danbury,"464 N Main St",0,0,0,0,0,N/A
1544180,"November 7, 2019",Ohio,Wadsworth,"120 Maple St",0,0,0,1,0,N/A
1543677,"November 7, 2019",Ohio,Ashtabula,"1900 block of E 39th St",0,0,0,1,0,N/A
1543749,"November 7, 2019",Iowa,Burlington,"1718 Amelia St",0,0,1,0,0,N/A
1579508,"November 7, 2019",Florida,Hollywood,N/A,0,0,0,0,0,N/A
1543555,"November 7, 2019",Maryland,"Glen Burnie","770 Nabbs Creek Rd",0,0,1,0,2,N/A
1543185,"November 5, 2019","New York",Bergen,"Clinton St",0,0,1,0,0,N/A
1549000,"November 5, 2019","West Virginia",Buckhannon,"Hall Rd",0,0,0,0,1,N/A
1542871,"November 5, 2019",Illinois,"Oak Lawn","9700 block of S Warren Ave",0,0,0,0,1,N/A
1542690,"November 5, 2019",Mississippi,Guntown,"Co Rd 417",0,0,0,0,0,N/A
1543076,"November 5, 2019",Missouri,"La Monte","1600 block of Oak Point Rd",0,0,0,1,0,N/A
1543217,"November 3, 2019",Minnesota,"Carver (county)",N/A,1,0,0,0,0,N/A
1541977,"November 3, 2019",Texas,Waco,"308 Webb Dr",0,1,0,0,1,N/A
1542387,"November 3, 2019",California,Sanger,"Piedra Rd and Terrace Ave",0,0,0,0,1,N/A
1541431,"November 3, 2019",Ohio,"Canal Fulton","10000 block of Scatell St NW",0,0,0,0,1,N/A
1617024,"November 3, 2019","New York","Tioga (county)",N/A,1,0,0,0,0,N/A
1621583,"November 2, 2019","New York","Seneca Falls",N/A,0,0,0,0,1,N/A
1543444,"November 2, 2019",Montana,Ballantine,"2253 S 16th Rd",0,1,0,0,1,N/A
1539908,"November 1, 2019","South Carolina",Loris,"1300 block of Cedar Branch Rd",0,0,0,0,3,N/A
1540013,"October 31, 2019",Texas,Houston,"4900 block of Winfree Rd",0,0,0,0,1,N/A
1559447,"October 31, 2019",Texas,"Corpus Christi","1400 block of W Point Rd",0,0,0,0,1,N/A
1544999,"October 30, 2019",Florida,Titusville,"4th Ave",0,0,0,0,2,N/A
1539924,"October 30, 2019","South Carolina",Darlington,"Dingo Ln",0,0,0,0,1,N/A
1537992,"October 30, 2019",Pennsylvania,Philadelphia,"5026 Walton Ave",0,4,0,0,1,N/A
1537770,"October 29, 2019",Pennsylvania,Bethlehem,"807 Main St",0,0,0,0,0,N/A
1539636,"October 27, 2019",Florida,"Saint Augustine","Old Moultrie Rd",0,0,0,0,1,N/A
1538167,"October 27, 2019","New York","Saratoga Springs","397 Maple Ave",0,0,0,0,1,N/A
1533999,"October 24, 2019",California,Corning,"5095 Olive Rd",0,1,0,0,1,N/A
1533127,"October 23, 2019",Minnesota,"Saginaw (Culver)","8162 Swan Lake Rd",0,0,0,0,0,N/A
1534113,"October 23, 2019",Alabama,Greensboro,"1st St and Main St",0,0,1,0,0,N/A
1552618,"October 23, 2019",Maryland,Sharpsburg,"16000 block of Powell Rd",0,0,0,0,2,N/A
1535258,"October 22, 2019",Minnesota,Austin,"300 block of 7th St NW",0,0,0,0,1,N/A
1532981,"October 22, 2019",Delaware,Harrington,"N West St",0,0,0,0,1,N/A
1532964,"October 22, 2019",Delaware,Seaford,"24000 block of Concord Pond Rd",0,0,0,0,2,N/A
1533609,"October 22, 2019",Minnesota,"Saginaw (Culver)","5697 Hwy 7",0,0,0,0,0,N/A
1532696,"October 22, 2019","New York",Buffalo,"50 block of Covington Rd",0,0,0,0,1,N/A
1532103,"October 21, 2019",Virginia,Burke,"6128 Wicklow Dr",2,2,0,1,0,N/A
1531818,"October 21, 2019",Michigan,Coopersville,"16600 block of 80th Ave",0,1,0,0,0,N/A
1532644,"October 21, 2019",Texas,Houston,"5724 Tidwell Rd",0,1,0,0,1,N/A
1533566,"October 19, 2019",Wisconsin,"Salon Springs","Tom Green Road",1,0,0,0,0,N/A
1533563,"October 19, 2019",Wisconsin,"Menomonie (Rusk)",N/A,1,0,0,0,0,N/A
1537272,"October 19, 2019",Kentucky,Evarts,KY-38,0,0,0,0,0,N/A
1529061,"October 17, 2019","New York","Staten Island","Finley Ave",0,0,0,0,1,N/A
1529015,"October 16, 2019",Texas,Nacogdoches,"2400 block of E Starr Ave",0,0,0,0,1,N/A
1529217,"October 16, 2019",Nebraska,Schuyler,US-30,2,0,0,0,1,N/A
1528339,"October 16, 2019",Pennsylvania,Easton,"1000 block of Elm St",0,0,0,0,1,N/A
1528778,"October 16, 2019",Wisconsin,Janesville,"1500 block of Center Ave",1,0,0,0,1,N/A
1559331,"October 16, 2019","New Jersey","Mullica Hill","199 Colson Lane",0,0,0,0,1,N/A
1528343,"October 16, 2019",Tennessee,Memphis,"2645 Mt Moriah Rd",0,1,0,0,1,N/A
1528912,"October 15, 2019",Connecticut,Torrington,"George St",0,0,0,0,1,N/A
1551087,"October 15, 2019","New Mexico",Roswell,N/A,0,0,0,0,1,N/A
1528423,"October 15, 2019",Colorado,"Colorado Springs","1725 N Union Blvd",0,0,0,0,1,N/A
1528815,"October 14, 2019",Arkansas,"Fort Smith","5800 block of Enid St",0,0,0,0,0,N/A
1527599,"October 14, 2019",Oregon,Portland,"10200 block of N Mohawk Ave",0,1,0,0,3,N/A
1527682,"October 13, 2019",Illinois,Rockford,"1900 block of S 5th St",0,0,0,0,1,N/A
1528176,"October 13, 2019",Georgia,Athens,"700 Block of W Hancock Ave",0,0,0,0,0,N/A
1527860,"October 12, 2019",Ohio,"Lakeside Marblehead","513 W Main St",0,0,0,0,0,N/A
1525121,"October 11, 2019",Iowa,Waterloo,"Glenny Ave",0,0,0,0,2,N/A
1523543,"October 10, 2019",Nevada,"Las Vegas","4255 W Viking Rd",0,1,0,0,1,N/A
1528075,"October 10, 2019",Pennsylvania,Landenberg,"213 Northbank Rd",0,1,0,1,0,N/A
1526519,"October 10, 2019",California,Salinas,"N Market St",0,0,0,0,1,N/A
1524024,"October 10, 2019",Texas,Marshall,"603 S Bishop St",0,0,0,0,1,N/A
1523526,"October 8, 2019",Texas,Dallas,"Cliffmere Dr",0,0,0,0,1,N/A
1526748,"October 8, 2019",Nebraska,Lincoln,"7th St and D St",0,0,0,0,3,N/A
1524648,"October 8, 2019",Georgia,Lizella,"Bethel Church Rd",0,0,0,0,0,N/A
1522158,"October 8, 2019",Kentucky,Greenville,"S Main St",0,0,0,0,1,N/A
1522568,"October 8, 2019",Utah,"Hurricane (Apple Valley)","68 N Coyote Rd",0,1,0,0,1,N/A
1528068,"October 8, 2019",Ohio,Cincinnati,"Berkley Ave",0,0,0,0,1,N/A
1522965,"October 8, 2019",Kentucky,"New Concord","Ridge Rd",0,0,1,0,0,N/A
1523014,"October 7, 2019","West Virginia",Bridgeport,"Langtown Rd",0,0,0,0,1,N/A
1521387,"October 7, 2019",Illinois,Lockport,N/A,0,0,0,0,1,N/A
1530814,"October 7, 2019",Pennsylvania,Coplay,"3100 block of Levans Rd",0,0,0,0,1,N/A
1525195,"October 7, 2019",Indiana,Hammond,"6500 block of Jefferson Ave",1,0,0,0,1,N/A
1527348,"October 6, 2019",Wisconsin,"Marinette (county)",N/A,0,1,0,0,0,N/A
1521765,"October 6, 2019",Texas,Huntsville,"2615 El Toro Rd",0,0,0,0,0,N/A
1521379,"October 6, 2019",Illinois,Decatur,"3200 block of Beth Blvd",0,0,0,0,1,N/A
1521467,"October 5, 2019",Virginia,"Fulks Run","13000 block of 3rd Hill Rd",2,0,0,0,1,N/A
1522213,"October 5, 2019",Oregon,Lebanon,"800 block of Cascade Dr",0,0,0,0,1,N/A
1521951,"October 5, 2019",Kansas,Salina,"200 block of S 10th St",0,0,0,0,0,N/A
1522216,"October 4, 2019",Oregon,Albany,"1100 block Jackson St SE",0,0,0,0,1,N/A
1520861,"October 4, 2019",California,Bakersfield,"1200 block of Kentucky St",0,0,0,0,1,N/A
1519651,"October 3, 2019",Texas,Dallas,"200 block of Creek Cove Dr",0,0,0,0,2,N/A
1520021,"October 3, 2019","New York",Buffalo,"Mineral Springs Rd",0,0,0,0,0,N/A
1519478,"October 3, 2019","South Carolina",Columbia,"100 block of Ballenton Rd",1,2,0,0,1,N/A
1520413,"October 3, 2019",Delaware,Greenwood,"6200 block of Hickman Rd",0,0,0,0,4,N/A
1519710,"October 3, 2019",Minnesota,Minneapolis,"300 block of 16th Ave N",0,0,0,0,1,N/A
1518728,"October 1, 2019",California,Eureka,"1800 block of California St",0,0,0,0,1,N/A
1516580,"September 30, 2019",Indiana,Indianapolis,"S Post Rd and E Washington St",0,0,0,0,1,N/A
1516290,"September 30, 2019",Washington,Kennewick,"300 block of N Union St",0,0,0,0,1,N/A
1522301,"September 29, 2019","North Carolina",Asheboro,"Hanner Hill Rd",0,0,0,0,0,N/A
1517872,"September 29, 2019","South Carolina",Vance,"Damascus Dr",1,0,0,0,0,N/A
1517360,"September 29, 2019",Kansas,Claflin,"1500 block of NE 100th Rd",4,0,0,0,0,N/A
1515396,"September 28, 2019",Michigan,"Clinton Township","Stafford St",0,1,0,0,1,N/A
1515518,"September 28, 2019",Illinois,Mundelein,"200 block of Longwood Terrace",0,1,0,0,1,N/A
1515228,"September 28, 2019",Wisconsin,Milwaukee,"W Watertown Plank Rd and I-41",0,0,0,0,1,N/A
1516257,"September 27, 2019",Texas,Longview,"211 W College St",0,0,0,0,1,N/A
1515500,"September 27, 2019",Texas,"College Station","Shallow Creek Loop",0,0,0,0,1,N/A
1642004,"September 27, 2019",Ohio,Dayton,"Anna Street and Second Street",0,0,0,0,1,N/A
1514531,"September 27, 2019",Oregon,"Coos Bay","Libby Ln",0,0,0,0,1,N/A
1514425,"September 26, 2019",Colorado,Delta,US-50,0,0,0,0,2,N/A
1516054,"September 26, 2019","South Dakota","Sioux Falls","4500 block of E 42nd Ave",0,0,0,0,1,N/A
1512736,"September 25, 2019",Oklahoma,"Oklahoma City","2100 block of N Fonshill Ave",0,1,0,0,0,N/A
1513533,"September 25, 2019","New York",Newburgh,"Benkard Ave and William St",1,0,0,0,2,N/A
1515999,"September 25, 2019","North Carolina",Greenville,"400 block of Biltmore St",0,0,0,0,1,N/A
1512563,"September 24, 2019",Connecticut,Stratford,"100 Larkin Court",0,0,0,0,1,N/A
1511863,"September 23, 2019","South Carolina","Moncks Corner","200 block of Maywood Dr",0,0,0,0,1,N/A
1511315,"September 23, 2019","New York",Wantagh,"Bayview Ave",0,0,0,0,1,N/A
1519737,"September 23, 2019",Oklahoma,Ada,"Pruitt Rd",0,0,0,0,1,N/A
1561311,"September 23, 2019",Texas,Electra,"300 block of Louisiana Court",0,0,0,0,2,N/A
1510813,"September 23, 2019",Pennsylvania,Pottstown,"King St and Scott St",0,1,0,0,1,N/A
1512648,"September 22, 2019",Illinois,Joliet,"900 block of Eastport Ave",0,0,0,0,1,N/A
1511007,"September 22, 2019",Michigan,"Mount Clemens","Court St",0,1,0,0,1,N/A
1510954,"September 22, 2019",Nebraska,Lincoln,"1700 block of N 84th St",0,0,0,0,2,N/A
1510778,"September 22, 2019",Kentucky,Manchester,"Rices Fork Rd and US 421",0,1,0,0,1,N/A
1509810,"September 22, 2019",Utah,Springville,"1600 S US-89",0,1,0,0,2,N/A
1509685,"September 22, 2019",Wisconsin,Milwaukee,"N 55th St and W Keefe Ave",0,1,0,0,1,N/A
1515807,"September 22, 2019",Oklahoma,Enid,"200 block of E Cherry Ave",0,0,0,0,0,N/A
1508924,"September 21, 2019",Florida,"Spring Hill","16244 Albright Rd",0,1,0,0,1,N/A
1513733,"September 21, 2019",Iowa,Ossian,"2000 block of 127th St",0,0,0,0,1,N/A
1508834,"September 20, 2019",Florida,Pensacola,"Mobile Hwy and Shoemaker St",0,1,0,0,1,N/A
1508987,"September 20, 2019",Delaware,Seaford,"700 block of Atlanta Rd",0,0,0,0,2,N/A
1508781,"September 20, 2019","New York","Bay Shore","5 Grace St",0,0,0,0,2,N/A
1507747,"September 19, 2019","New York",Elmsford,"56 S Stone Ave",0,0,0,0,0,N/A
1507666,"September 19, 2019",Missouri,"Saint Louis","500 block of Chester St",0,0,0,0,1,N/A
1509813,"September 19, 2019",Arkansas,Briarcliff,"Ben Nevis Drive",0,0,0,0,1,N/A
1520187,"September 19, 2019",Arkansas,"Little Rock","Wedington Dr",0,0,0,0,1,N/A
1508555,"September 18, 2019",California,Ventura,"600 block of Thompson Blvd",0,0,0,0,1,N/A
1506412,"September 18, 2019",Maryland,Pasadena,"1400 block of Orr Ct",0,0,0,1,0,N/A
1508028,"September 18, 2019",Louisiana,Cameron,N/A,0,0,0,0,0,N/A
1617046,"September 17, 2019","New York","Jefferson (county)",N/A,1,0,0,0,0,N/A
1504753,"September 16, 2019",Arkansas,"West Memphis","Broadway Ave and S 21st St",0,0,0,0,1,N/A
1505188,"September 15, 2019",Texas,Justin,"100 block of N Snyder Ave",1,0,0,0,0,N/A
1506001,"September 15, 2019",Iowa,"Cedar Falls","804 Walnut St",0,0,0,0,1,N/A
1507930,"September 15, 2019",Oklahoma,Mcalester,N/A,0,0,0,0,1,N/A
1512571,"September 14, 2019",Texas,Longview,"1200 block of Lesley Ln",0,0,0,0,0,N/A
1518138,"September 14, 2019","New York",Gouverneur,"337 CR-11",0,0,0,0,3,N/A
1506323,"September 14, 2019",Oregon,Pendleton,N/A,1,0,0,0,0,N/A
1506428,"September 14, 2019",Maryland,"Park Hall","20075 Manor Dr",0,0,0,0,1,N/A
1503429,"September 13, 2019","New York","Niagara Falls","400 block of 19th St",0,0,0,0,1,N/A
1503313,"September 13, 2019","Rhode Island",Providence,"124 Regent Ave",1,0,0,0,0,N/A
1504984,"September 13, 2019",Alaska,Akiachak,N/A,0,1,1,0,0,N/A
1506434,"September 13, 2019",Maryland,"Lexington Park","Ronald Dr",0,0,0,0,2,N/A
1514067,"September 12, 2019","New Jersey","Toms River (Berkeley)","Redhook Bay Dr",0,0,0,0,1,N/A
1512378,"September 12, 2019",Illinois,Alton,"5100 block of Candy Ln",0,0,0,0,1,N/A
1503108,"September 12, 2019",Michigan,"Rochester (Rochester Hills)","Toucan St",0,0,0,0,1,N/A
1508159,"September 12, 2019",Florida,Clermont,N/A,0,0,0,0,1,N/A
1502886,"September 12, 2019",Hawaii,Kahului,"100 block of Hoohana St",1,0,0,0,2,N/A
1502536,"September 11, 2019",Florida,Tallahassee,"1800 block of Robinson Rd",0,0,0,0,1,N/A
1502463,"September 11, 2019",Texas,Dallas,"1600 block of John West Rd",0,0,1,0,1,N/A
1506415,"September 11, 2019",Florida,"Palm Coast","Ponderosa Ln",0,0,0,0,1,N/A
1513940,"September 10, 2019",Connecticut,Norwalk,"50 Creeping Hemlock Drive",0,0,0,0,1,N/A
1501154,"September 9, 2019",California,Oxnard,"1000 block of Quail Run Way",0,0,0,0,1,N/A
1500964,"September 9, 2019",Texas,Bacliff,"675 Miles Rd",0,0,1,0,0,N/A
1500553,"September 9, 2019",Ohio,Cincinnati,"Ridgeway Ave and Cleveland Ave",1,0,0,0,0,N/A
1500260,"September 9, 2019",Massachusetts,Auburn,"15 St Mark St",0,1,0,0,1,N/A
1501947,"September 8, 2019",Oklahoma,Tahlequah,"N 569 Rd",0,1,0,0,1,N/A
1500064,"September 8, 2019",Texas,"San Antonio","5500 block of Little Creek Dr",1,0,0,0,0,N/A
1499482,"September 8, 2019",Wisconsin,Menomonie,"3900 block of 640th Street",1,0,0,0,0,N/A
1500379,"September 7, 2019",Colorado,Greeley,"1700 block of 18th Ave",0,0,0,0,1,N/A
1501670,"September 7, 2019",Texas,Granbury,"800 block of Ports O'Call Dr",1,0,0,0,1,N/A
1499171,"September 6, 2019","New York",Jamestown,"320 Newland Ave",0,0,0,0,3,N/A
1510502,"September 6, 2019","North Carolina",Kinston,N/A,0,0,0,0,2,N/A
1498874,"September 6, 2019",Indiana,Indianapolis,"3030 N Colorado Ave",2,0,0,0,1,N/A
1497952,"September 5, 2019",Arizona,Chandler,"5000 W Chandler Blvd",0,0,0,0,1,N/A
1499305,"September 5, 2019",Indiana,"South Bend","50000 block of Mayflower Rd",0,0,0,0,1,N/A
1497532,"September 5, 2019",Pennsylvania,"New Millport","Oak Ridge Rd",0,0,0,0,0,N/A
1502179,"September 5, 2019",Maryland,Sunderland,"Kent Rd and Solomons Island Rd N",0,0,0,0,4,N/A
1509343,"September 4, 2019",Ohio,"Cincinnati (Springdale)","12185 Princeton Pike",0,0,0,0,0,N/A
1538898,"September 3, 2019",Iowa,"Cedar Falls","710 W Seerley Blvd",0,0,0,0,1,N/A
1495092,"September 2, 2019",Texas,Houston,"4100 block of Beran Dr",0,1,0,0,1,N/A
1497833,"September 2, 2019",Mississippi,Oxford,"Cedarcrest Dr",0,0,0,0,1,N/A
1511492,"September 1, 2019",Wisconsin,"Outagamie (county)",N/A,1,0,0,0,0,N/A
1500155,"September 1, 2019","South Carolina","Saint Matthews","Harry C Raysor Dr",0,0,0,0,1,N/A
1497965,"August 31, 2019",Michigan,Saginaw,"3632 Hess Ave",0,0,0,0,1,N/A
1496148,"August 31, 2019",Pennsylvania,"Mount Bethel","600 block of Belvidere Corner Rd",0,0,0,0,1,N/A
1497545,"August 31, 2019",Pennsylvania,"Plymouth Meeting","2430 Chemical Rd",0,0,0,0,0,N/A
1494407,"August 31, 2019",Florida,Ocala,"1200 Block of NW 13th Ave",0,0,0,0,0,N/A
1491488,"August 30, 2019",Georgia,"Mc Caysville","160 Briggs St",0,0,1,0,1,N/A
1496256,"August 30, 2019",Texas,Abilene,"800 block of Grape St",0,0,0,0,1,N/A
1574120,"August 30, 2019",Nevada,"Spring Creek","Boyd-Kennedy Rd",0,0,0,0,2,N/A
1495514,"August 30, 2019",Pennsylvania,Lancaster,"Fruitville Pike and Fairland Rd",0,0,0,0,1,N/A
1492958,"August 30, 2019",Delaware,Wilmington,"2700 block of Washington St",0,0,0,1,0,N/A
1491275,"August 29, 2019",Florida,Weirsdale,"15000 block of SE Co Rd 42",1,0,0,0,1,N/A
1492394,"August 29, 2019","South Carolina",Hartsville,"Patrick Hwy and N 5th St",0,0,0,0,1,N/A
1490381,"August 28, 2019",Texas,Lubbock,"4300 block of E 63rd St",0,0,0,0,0,N/A
1490639,"August 28, 2019",Pennsylvania,Avella,"Camp Ground Rd",0,1,0,0,1,N/A
1490218,"August 28, 2019",Ohio,Cleveland,"4600 block of W 41st St",1,0,0,0,0,N/A
1490765,"August 28, 2019",Ohio,Youngstown,"Almyra Ave",0,0,0,0,1,N/A
1489883,"August 28, 2019","North Carolina",Monroe,"5211 Old Charlotte Hwy",0,0,0,0,1,N/A
1489893,"August 28, 2019","North Carolina","High Point","1 N University Pkwy",0,0,0,0,1,N/A
1491431,"August 28, 2019",Wyoming,Casper,"First St",0,0,0,0,2,N/A
1490312,"August 27, 2019",Missouri,"Jefferson City","5200 block of Shadow Ct",0,0,0,0,1,N/A
1492375,"August 27, 2019","South Carolina",Lexington,"5643 Platt Springs Rd",0,0,0,0,1,N/A
1490711,"August 27, 2019",Kansas,Wichita,"1100 block of N Amidon St",0,0,0,0,1,N/A
1493482,"August 27, 2019",Minnesota,"Albert Lea","614 Water St",0,0,0,0,1,N/A
1490453,"August 27, 2019",Texas,Abilene,"1150 E S 11th St",0,0,0,0,1,N/A
1490515,"August 26, 2019",Virginia,Warrenton,"5042 Old Auburn Rd",0,1,0,0,3,N/A
1489651,"August 26, 2019",Alabama,Enterprise,"3000 block of Rucker Blvd",2,0,0,0,1,N/A
1488638,"August 26, 2019",Pennsylvania,Gordon,"604 Hobart St",0,1,0,0,1,N/A
1487934,"August 25, 2019","New York",Brooklyn,"1937 85th St",1,0,0,0,1,N/A
1487791,"August 24, 2019","New York",Mayfield,"2481 NY-30",0,0,0,1,0,N/A
1488256,"August 24, 2019",Indiana,"Terre Haute","2237 3rd Ave",0,0,0,0,1,N/A
1486868,"August 24, 2019",Florida,"Coconut Creek","4200 block of NW 57th Dr",1,0,0,0,1,N/A
1498199,"August 24, 2019",Maryland,"Great Mills","19700 block of Flat Iron Rd",0,0,0,0,1,N/A
1502066,"August 24, 2019",Montana,Anaconda,"500 block of E 3rd St",0,0,0,0,1,N/A
1491138,"August 23, 2019","New York","Buffalo (Williamsville)","Main St",0,0,0,0,1,N/A
1489287,"August 23, 2019","New Jersey",Newark,"84 Monroe St",0,0,0,0,0,N/A
1487315,"August 22, 2019","New York",Jefferson,N/A,0,0,0,0,1,N/A
1485528,"August 22, 2019",Tennessee,Charleston,"Upper River Rd NE",0,0,0,1,0,N/A
1489226,"August 22, 2019",Maine,Rockport,"Mount Pleasant Street",0,0,0,0,1,N/A
1487718,"August 22, 2019",Iowa,Waterloo,"1112 Grant St",0,0,0,0,0,N/A
1486239,"August 22, 2019",Illinois,Rockford,N/A,0,0,0,0,0,N/A
1736927,"August 21, 2019",Nevada,"Carson City","Alouette Way",0,0,0,0,1,N/A
1485122,"August 20, 2019",Michigan,Alma,"W Tyler Rd",0,1,0,0,1,N/A
1486282,"August 20, 2019","North Carolina",Thomasville,"Liberty Dr and Dianna Dr",0,0,1,0,1,N/A
1489849,"August 20, 2019","South Carolina",Santee,"500 Block of Resort St",0,0,0,0,2,N/A
1484491,"August 20, 2019",Florida,"Lake City","556 SW FL 47",0,0,0,0,1,N/A
1483522,"August 20, 2019",Ohio,Columbus,"3820 Cleveland Ave",0,0,0,0,1,N/A
1484152,"August 19, 2019",Texas,Dayton,"Parish Cir",0,0,0,0,1,N/A
1483333,"August 19, 2019",Missouri,"Jefferson City","1000 block of Elizabeth St",0,0,0,0,1,N/A
1488993,"August 18, 2019","New Jersey",Rockaway,"Telemark Rd",0,0,0,0,1,N/A
1485969,"August 18, 2019","South Carolina","West Columbia","Greenwood Dr",0,0,1,0,0,N/A
1483340,"August 17, 2019",California,Roseville,"4000 block of Foothills Blvd",0,0,0,0,1,N/A
1482907,"August 17, 2019",California,Oxnard,"300 block of N Rose Ave",0,0,0,0,1,N/A
1483254,"August 17, 2019","New York",Brooklyn,"Linden Blvd",0,0,0,0,3,N/A
1485255,"August 17, 2019",Maryland,Crownsville,"900 block of Generals Hwy",0,0,0,0,2,N/A
1488164,"August 17, 2019",Maryland,Mechanicsville,"28200 block of Mechanicsville Rd",0,0,0,0,1,N/A
1483539,"August 17, 2019",Illinois,Joliet,"1900 block of Corregidor St",0,0,0,0,1,N/A
1481392,"August 16, 2019","New Hampshire",Rochester,"21 Joshua St",0,0,0,0,1,N/A
1484131,"August 15, 2019","New York",Attica,N/A,0,0,0,0,2,N/A
1480198,"August 15, 2019",Michigan,"Twin Lake","Meeuwenberg Dr",0,1,0,0,1,N/A
1479573,"August 15, 2019",Kansas,Topeka,"1425 SW Lane St",1,0,0,0,0,N/A
1481462,"August 15, 2019","New York",Syracuse,"North Clinton Street",0,0,0,0,1,N/A
1480386,"August 14, 2019",Florida,Wildwood,"400 block of Jarrell Ave",0,0,0,0,1,N/A
1480612,"August 14, 2019",Texas,Houston,"10221 Club Creek Dr",1,0,0,0,0,N/A
1479103,"August 14, 2019",Kentucky,"Bowling Green","13000 block of Morgantown Rd",0,0,0,0,1,N/A
1479913,"August 14, 2019",Tennessee,Chattanooga,"4300 block of Kayla Cir",1,0,0,0,1,N/A
1479962,"August 14, 2019","West Virginia","New Cumberland","89 Judge Dr",2,1,1,0,1,N/A
1478925,"August 14, 2019",Utah,Ogden,"3460 S and 700 W",0,1,0,0,2,N/A
1479340,"August 14, 2019","Rhode Island",Providence,"95 Sisson St",0,0,0,0,3,N/A
1480390,"August 14, 2019",Florida,Bradenton,"5000 block of 14th St W",0,0,0,0,1,N/A
1478888,"August 13, 2019","New York",Tuckahoe,"25 Main St",0,0,0,0,1,N/A
1481456,"August 13, 2019","New York",Syracuse,"311 Lexington Ave",0,0,0,0,2,N/A
1477670,"August 11, 2019",Ohio,Lebanon,N/A,0,0,0,0,1,N/A
1476978,"August 10, 2019",Oklahoma,Tulsa,"1300 block of N Birmingham Pl",0,0,0,0,2,N/A
1485253,"August 9, 2019",Maryland,Hampstead,"1155 S Main St",0,0,0,0,1,N/A
1475614,"August 9, 2019",Connecticut,"Jewett City (Griswold)","Harvey Rd",0,0,0,0,4,N/A
1475230,"August 8, 2019",Indiana,"Fort Wayne","8518 Hessen Cassel Rd",0,0,0,0,1,N/A
1474852,"August 8, 2019",Illinois,Bensenville,"200 block of George St",0,1,0,0,1,N/A
1474160,"August 8, 2019",Pennsylvania,Philadelphia,"1000 block of N 40th St",0,1,0,0,0,N/A
1475832,"August 8, 2019",Alabama,Foley,"3810 S McKenize St",0,0,0,0,1,N/A
1475197,"August 7, 2019",Washington,Ferndale,"3700 block of Sinclair Dr",1,0,0,0,1,N/A
1472330,"August 7, 2019",California,Kerman,"Clinton Ave and Siskiyou Ave",3,0,0,0,0,N/A
1479654,"August 7, 2019",Pennsylvania,"Center Valley","4300 block of Lanark Rd",0,0,0,0,1,N/A
1478262,"August 7, 2019",Massachusetts,Framingham,"47 Prior Dr",0,0,0,0,0,N/A
1474311,"August 7, 2019",California,Visalia,"2600 block of W Midvalley",0,0,0,0,3,N/A
1472703,"August 7, 2019",Ohio,Elyria,"316 11th St",0,0,0,0,1,N/A
1473283,"August 6, 2019",Maryland,"Silver Spring","8202 Georgia Ave",0,0,0,0,2,N/A
1472189,"August 6, 2019",Florida,"Fort Pierce","2300 block of Ave G",0,0,0,0,1,N/A
1473881,"August 5, 2019","New Mexico",Roswell,"900 block of North Ohio Avenue",0,0,0,0,1,N/A
1471544,"August 5, 2019",Arkansas,Lowell,"14689 Frisco Springs Rd",0,0,0,1,0,N/A
1466727,"August 3, 2019",Florida,"Safety Harbor","2300 block of Flanders Way",0,2,0,1,0,N/A
1480868,"August 3, 2019",Wisconsin,Winneconne,"WI 116",0,0,0,0,0,N/A
1473286,"August 3, 2019",Pennsylvania,Schellsburg,"Cortland Rd",0,0,0,0,0,N/A
1474266,"August 3, 2019",Oregon,Newport,"198 NE 123rd St",0,0,0,0,1,N/A
1690619,"August 2, 2019",Texas,Gatesville,N/A,0,0,0,0,1,N/A
1489305,"July 31, 2019","New York",Ithaca,"N Cayuga St",0,0,0,0,1,N/A
1466836,"July 31, 2019",Indiana,Hobart,"50 block of East Third St",0,0,0,0,1,N/A
1464152,"July 30, 2019",Maryland,"Hyattsville (Landover Hills)","7467 Annapolis Rd",0,0,0,0,1,N/A
1462930,"July 30, 2019","New Jersey",Newark,"400 block of Highland Ave",0,0,0,0,0,N/A
1461655,"July 29, 2019",Oregon,Portland,"8652 N Swift Way",1,0,0,0,0,N/A
1463902,"July 29, 2019",Arkansas,"Hot Springs National Park (Hot Springs)","141 Bradford Rd",0,0,0,0,0,N/A
1468983,"July 28, 2019",California,Delano,"800 block of Kensington St",0,0,0,0,1,N/A
1461006,"July 28, 2019",Washington,Eatonville,"4600 block of 350th St E",0,1,0,0,2,N/A
1460437,"July 28, 2019",California,Keyes,"Anna Ave",1,0,0,0,0,N/A
1460259,"July 27, 2019",Ohio,Louisville,"1516 Opal St",0,0,0,0,1,N/A
1466157,"July 27, 2019","New Mexico",Portales,"510 E 18th St",1,1,0,0,0,N/A
1459509,"July 27, 2019",Louisiana,"Baton Rouge","1800 block of Spanish Town Rd",0,0,0,0,0,N/A
1461510,"July 27, 2019","North Carolina",Salisbury,"547 Heiligtown Rd",0,1,0,0,1,N/A
1460584,"July 26, 2019",Pennsylvania,Erie,"1200 block of Downing Ave",0,0,0,0,1,N/A
1470234,"July 26, 2019",Florida,"New Smyrna Beach","859 Pompano Ave",0,0,0,0,1,N/A
1464022,"July 25, 2019",Illinois,Galesburg,N/A,0,0,0,0,1,N/A
1527385,"July 24, 2019",Iowa,Waterloo,N/A,0,0,0,0,1,N/A
1457839,"July 24, 2019",Missouri,"Saint Louis (Overland)","10400 block of Canter Way",0,0,0,0,1,N/A
1483671,"July 24, 2019","New Jersey",Hackettstown,"Country Rd 517",0,0,0,0,1,N/A
1457471,"July 24, 2019",Pennsylvania,"Wind Gap","100 block of S Broadway",0,0,0,0,0,N/A
1459006,"July 23, 2019",Arizona,Payson,"600 block of N Wilderness Trl",0,0,0,0,1,N/A
1576494,"July 23, 2019",Iowa,Waterloo,"212 Denver St",0,0,0,0,1,N/A
1458322,"July 23, 2019",Maryland,Hagerstown,"Gerbers Alley and Berger Ave",0,0,0,0,2,N/A
1458295,"July 22, 2019",Pennsylvania,Carlisle,"441 Pleasant Hall Rd",0,1,1,0,0,N/A
1458791,"July 22, 2019",Pennsylvania,Cheltenham,"7900 block of Jenkintown Rd",1,0,0,0,1,N/A
1456396,"July 22, 2019",Florida,Dover,"Bevlin Acres Ln",0,0,0,0,1,N/A
1458963,"July 21, 2019",Indiana,Bloomington,"3201 IN-45",0,0,0,0,2,N/A
1488522,"July 21, 2019",Tennessee,Robbins,"Ridge Road",0,0,0,0,0,N/A
1456373,"July 21, 2019",California,Lincoln,"1000 block of 6th St",0,0,0,0,1,N/A
1453645,"July 20, 2019",Kentucky,Hopkinsville,"1800 block of Sparkman Rd",0,0,0,0,1,N/A
1453534,"July 20, 2019",Maine,"North Waterboro","620 New Dam Rd",0,1,0,1,0,N/A
1452797,"July 19, 2019",Florida,"Fort Lauderdale (Sunrise)","14000 block of SW Ninth St",0,0,0,0,1,N/A
1468301,"July 19, 2019",Arizona,Overgaard,N/A,1,0,0,0,1,N/A
1455199,"July 19, 2019",Florida,"Belle Glade","1300 block of SW MLK Blvd",0,0,0,0,1,N/A
1451409,"July 18, 2019","New York",Albany,"3rd St and Elizabeth St",1,0,0,0,8,N/A
1452070,"July 18, 2019",Ohio,Streetsboro,"9970 Aurora Hudson Rd",0,0,0,0,1,N/A
1480001,"July 18, 2019","New Mexico",Crownpoint,N/A,2,0,0,0,1,N/A
1450842,"July 18, 2019",Michigan,Detroit,"12200 block of Harper Ave",1,0,0,0,0,N/A
1458364,"July 18, 2019",Florida,Okeechobee,N/A,0,0,0,0,1,N/A
1484339,"July 18, 2019",Texas,Whitney,"100 block of Scenic Dr",0,1,0,0,1,N/A
1633726,"July 17, 2019","West Virginia",Morgantown,"Montrose Ave",0,0,0,0,1,N/A
1453661,"July 17, 2019",Ohio,Dorset,"1st St",0,0,0,0,1,N/A
1451089,"July 17, 2019",Colorado,Boone,"2000 block of 53rd Ln",0,0,0,0,1,N/A
1454317,"July 17, 2019",Illinois,Niles,"7200 block of Conrad Ave",0,0,0,0,1,N/A
1450030,"July 17, 2019",Florida,"Cape Coral",N/A,0,0,0,0,0,N/A
1449886,"July 17, 2019",Texas,Channelview,"16300 block of Pecan St",0,1,0,1,3,N/A
1450414,"July 16, 2019",Minnesota,"Albert Lea","505 W Front St",0,0,0,0,1,N/A
1450690,"July 16, 2019",Pennsylvania,Allentown,"1300 block of S 9th St",1,0,0,0,1,N/A
1451433,"July 16, 2019",Louisiana,"Lake Charles","218 Lucille St",0,1,0,1,0,N/A
1449415,"July 16, 2019",Indiana,Nashville,"Plum Creek Road",0,0,0,0,1,N/A
1450725,"July 16, 2019",Texas,Kingsville,"E Alice St",2,0,0,0,1,N/A
1449861,"July 15, 2019",Maryland,"Church Creek","3041 Lakesville Rd",0,0,0,0,1,N/A
1449304,"July 15, 2019",Delaware,Smyrna,"White Rabbit Dr and Groundhog Ln",0,0,0,0,1,N/A
1447244,"July 13, 2019",Arizona,Phoenix,"W Bethany Home Rd and N 31st Ave",1,0,0,0,1,N/A
1447793,"July 13, 2019",California,Fresno,"412 N Valeria Ave",0,0,0,0,4,N/A
1447546,"July 13, 2019",Florida,Coleman,"E Warm Springs Ave",0,0,0,1,0,N/A
1446436,"July 12, 2019","New York",Elmira,"600 block of Columbia St",0,0,0,0,1,N/A
1446416,"July 11, 2019",Connecticut,"New Haven","Catherine Way and Brookside Ave",0,0,0,0,3,N/A
1445582,"July 11, 2019","South Carolina",Pickens,"Dublin Lane",1,0,0,0,1,N/A
1452074,"July 11, 2019",Ohio,Elyria,"300 block of 10th St",0,0,0,0,1,N/A
1446237,"July 11, 2019",Tennessee,Nashville,"14th Ave N",0,0,0,0,1,N/A
1447386,"July 11, 2019",Texas,"El Paso","1601 Lee Trevino Dr",0,0,0,0,1,N/A
1447277,"July 11, 2019",California,Bakersfield,"14000 Rosedale Hwy",0,0,0,0,2,N/A
1445267,"July 10, 2019",Florida,Summerfield,"14999 SE 32nd Ct Rd",1,0,0,2,2,N/A
1446469,"July 10, 2019","New York",Albany,"Grove Ave and Woodlawn Ave",0,0,0,0,0,N/A
1445531,"July 10, 2019",Colorado,Pueblo,"1900 block of Lake Ave",0,0,0,0,1,N/A
1448392,"July 10, 2019","New Jersey",Vineland,"E Landis Ave",0,0,0,0,2,N/A
1444439,"July 10, 2019",Pennsylvania,York,"10 block of N Hartley St",0,0,0,0,1,N/A
1444420,"July 10, 2019",Virginia,"Henrico (Varina)","6300 block of Trailing Ridge Ct",0,0,0,1,1,N/A
1447272,"July 10, 2019",California,Merced,"E Childs Ave and Tower Rd",0,0,0,0,1,N/A
1443655,"July 9, 2019",Michigan,Detroit,"3600 block of Nottingham Dr",0,1,0,0,2,N/A
1970960,"July 9, 2019",Nevada,"Las Vegas",N/A,0,0,0,0,1,N/A
1443187,"July 9, 2019",Missouri,"Kansas City","E 57th St and McGee St",0,1,0,0,1,N/A
1450026,"July 9, 2019",Florida,Melbourne,"Race St",0,0,0,0,1,N/A
1769029,"July 8, 2019","West Virginia",Coalton,"Fairhope Rd",0,0,0,0,1,N/A
1446289,"July 8, 2019",Illinois,Shelbyville,"W South 1st St and S Will St",0,1,0,0,1,N/A
1446745,"July 8, 2019",Connecticut,Greenwich,"Orchard Pl",0,0,0,0,1,N/A
1443301,"July 8, 2019","New Jersey","Toms River","255 Oak Ave",0,0,0,0,1,N/A
1487456,"July 8, 2019",Pennsylvania,Tyrone,"1700 block of Columbia Ave",0,0,0,0,1,N/A
1443493,"July 7, 2019",Pennsylvania,Claysville,"279 Woodburn Rd",0,0,0,0,1,N/A
1445619,"July 6, 2019",Tennessee,"Fall Branch","627 TN 93",0,0,0,0,1,N/A
1441454,"July 6, 2019",Georgia,Stockbridge,"100 block of Wilson Rd",0,1,0,0,1,N/A
1443854,"July 6, 2019","New Hampshire",Newington,"45 Gosling Rd",0,1,0,0,0,N/A
1440666,"July 6, 2019",Minnesota,"Minneapolis (Columbia Heights)","4600 block of Heights Dr",1,0,0,0,1,N/A
1441949,"July 6, 2019","New Mexico",Clovis,"2720 Wallace St",0,0,0,0,1,N/A
1441008,"July 6, 2019","North Carolina",Matthews,"10501 Paces Ave",0,1,0,0,0,N/A
1440297,"July 5, 2019",Texas,"San Antonio","Kamary Ln",0,0,0,0,0,N/A
1440281,"July 5, 2019",Texas,Houston,"151 Greyfriar Dr",1,0,0,0,0,N/A
1443481,"July 5, 2019",Pennsylvania,Commodore,"Valley Rd",0,0,0,0,1,N/A
1439717,"July 5, 2019",Florida,Springfield,"800 block of Transmitter Rd",0,0,0,0,1,N/A
1444007,"July 5, 2019",Texas,"San Angelo","902 West 19th St",0,0,0,0,2,N/A
1448706,"July 4, 2019",Connecticut,Norwalk,"Tonetta Cir",0,0,0,0,1,N/A
1440915,"July 4, 2019",Nebraska,Lincoln,"6510 Holdrege St",0,0,0,0,0,N/A
1440802,"July 4, 2019",Michigan,Sandusky,"M 46 and Stringer Rd",0,0,0,0,1,N/A
1439546,"July 4, 2019","New Hampshire",Claremont,"River Rd",1,0,0,0,0,N/A
1440772,"July 4, 2019",Michigan,Vassar,"4813 Brown Rd",0,0,1,0,0,N/A
1440141,"July 4, 2019","North Carolina",Fayetteville,"7351 Ryan St",0,0,1,0,0,N/A
1440411,"July 4, 2019",Ohio,Elyria,"100 block of Clark St",0,0,0,0,1,N/A
1438724,"July 3, 2019",Mississippi,Tylertown,"907 Beulah Ave",1,0,0,1,0,N/A
1439753,"July 3, 2019",California,Soledad,"Serrano Place",0,0,0,0,1,N/A
1437810,"July 2, 2019",Florida,"Spring Hill (Weeki Wachee)",N/A,0,0,0,0,1,N/A
1437128,"July 2, 2019",Pennsylvania,Coraopolis,"1304 4th Ave",0,0,0,0,2,N/A
1436855,"July 1, 2019","New York",Watervliet,"1900 block of 9th Ave",0,0,0,0,1,N/A
1437556,"July 1, 2019",Michigan,Detroit,"Neff Ave and E Warren Ave",0,0,1,0,0,N/A
1439343,"July 1, 2019","South Carolina","Heath Springs","4699 Kickturn Rd",0,0,0,0,2,N/A
1436910,"June 30, 2019",Michigan,Holland,"1941 Washington Ave",0,0,0,0,0,N/A
1438824,"June 30, 2019",Wisconsin,Hartford,"WI-60 and S Wacker Dr",0,0,0,0,1,N/A
1435302,"June 29, 2019",Texas,"Argyle (Lantana)","600 block of Boswell Rd",0,0,0,1,0,N/A
1454371,"June 29, 2019",Pennsylvania,Carlisle,"2600 block of Walnut Bottom Rd",0,0,0,0,1,N/A
1438535,"June 28, 2019",Tennessee,Kingsport,"Skyland Dr",0,0,0,0,2,N/A
1435114,"June 28, 2019",Delaware,"Rehoboth Beach","35567 Big Oaks Ln",0,0,0,0,1,N/A
1437401,"June 28, 2019",Missouri,Advance,"22200 block of Co Rd 302",0,1,0,0,1,N/A
1434549,"June 28, 2019","North Carolina",Randleman,"309 Swain St",1,0,0,0,0,N/A
1434918,"June 28, 2019",Texas,Bacliff,"6th St and Ave B",0,0,0,1,0,N/A
1433132,"June 27, 2019",Texas,"Fort Worth","2105 Sanborn St",2,0,0,0,0,N/A
1433610,"June 27, 2019",Tennessee,Nashville,"2800 block of Murfreesboro Pike",0,0,0,0,1,N/A
1432619,"June 26, 2019","West Virginia",Covel,"Gooney Otter Hollow Rd",1,0,0,0,2,N/A
1434342,"June 26, 2019",Georgia,Tifton,"300 block of Poplar St",0,0,0,0,1,N/A
1434094,"June 26, 2019","New York",Hauppauge,"Grissom Way",0,1,0,0,0,N/A
1434787,"June 25, 2019","New Hampshire",Rindge,"14 Birch Rd",0,0,0,0,1,N/A
1434035,"June 25, 2019",Arkansas,"Fort Smith","1500 block of N 49th St",0,0,0,0,0,N/A
1432726,"June 24, 2019",Kansas,Topeka,"1300 block of SW Harrison",0,0,0,0,2,N/A
1431797,"June 24, 2019",Vermont,Burlington,"Ethan Allen Pkwy",0,0,0,0,1,N/A
1430007,"June 23, 2019",Missouri,Stella,"19898 Terrier Rd",2,0,0,0,0,N/A
1430023,"June 23, 2019",Illinois,Marion,"2600 block of Ingersoll Ln",0,0,1,0,0,N/A
1433552,"June 22, 2019",Maryland,Hurlock,"6245 Rossing St",0,0,0,0,1,N/A
1428938,"June 22, 2019",Arkansas,"Hot Springs National Park (Hot Springs)","315 N Patterson St",0,1,0,0,1,N/A
1491357,"June 22, 2019",Arizona,Chandler,"Chandler Blvd and Kyrene Rd",0,0,0,0,0,N/A
1433856,"June 22, 2019","New York",Newburgh,"401 Washington St",0,0,0,0,0,N/A
1428796,"June 21, 2019",Texas,Abilene,"S 7th St",1,0,0,0,1,N/A
1427653,"June 21, 2019",Texas,"Fort Worth","4761 E Lancaster Ave",0,1,0,0,0,N/A
1429274,"June 21, 2019",Florida,Ocklawaha,"17300 block of SE 95th St",2,0,0,0,1,N/A
1428413,"June 21, 2019",Indiana,Indianapolis,"1100 block of Brook Ln",2,0,0,0,0,N/A
1428645,"June 21, 2019",Pennsylvania,Mckeesport,"1800 block of Sumac St",0,1,0,0,1,N/A
1426594,"June 20, 2019","New York","Staten Island","640 Page Ave",0,0,0,1,0,N/A
1438731,"June 19, 2019",Kentucky,Berea,"Gabbard Town Rd",0,0,0,0,1,N/A
1426032,"June 19, 2019",Tennessee,"Thompsons Station","Cayce Springs Rd",0,1,0,0,1,N/A
1426823,"June 19, 2019",Pennsylvania,Pittston,"Thistle St",0,0,0,0,1,N/A
1438139,"June 19, 2019",Maryland,Nanjemoy,"10329 Tayloes Neck Rd",0,0,0,0,1,N/A
1484237,"June 18, 2019",Texas,Victoria,"1053 W Beck Rd",0,1,0,0,1,N/A
1427209,"June 18, 2019",Oklahoma,Tulsa,"E 15th St and S Sheridan Rd",0,1,0,0,2,N/A
1438069,"June 18, 2019",Massachusetts,"Fall River","Fenner St",0,0,0,0,1,N/A
1425608,"June 17, 2019",Missouri,Joplin,"8571 Eloise Ln",1,1,1,0,1,N/A
1425538,"June 17, 2019",Ohio,Springfield,"W Pleasant St",0,0,0,0,0,N/A
1425471,"June 17, 2019",Ohio,"Barberton (New Franklin)","Swigart Rd",0,0,0,0,1,N/A
1425214,"June 17, 2019",Indiana,Morocco,"U.S. 41",0,0,0,0,1,N/A
1424465,"June 17, 2019","New York","New York (Manhattan)","208 Nagle Ave",0,0,0,0,1,N/A
1519839,"June 16, 2019",Wisconsin,Richmond,"CR A",0,0,0,0,1,N/A
1424657,"June 15, 2019","New York",Troy,"4th St and Ferry St",0,0,0,0,1,N/A
1424113,"June 15, 2019","North Carolina","Castle Hayne","4012 Hubert Dr",0,0,0,0,1,N/A
1421649,"June 13, 2019",Utah,"Salt Lake City (West Valley City)","2500 S Lakecrest Dr",1,0,0,0,4,N/A
1422047,"June 13, 2019",Alabama,"Phenix City","500 block of Lee Rd",0,1,0,0,1,N/A
1422028,"June 13, 2019",Arkansas,Jasper,"Flatwood Rd",1,0,0,0,1,N/A
1421963,"June 13, 2019","North Carolina",Denver,"422 NC-16 Business",0,0,1,0,1,N/A
1421779,"June 13, 2019","New York","Niagara Falls","1114 17th St",0,0,0,0,0,N/A
1424554,"June 12, 2019",Pennsylvania,"Wilkes Barre","Penrose St",0,0,0,0,1,N/A
1421538,"June 11, 2019",Pennsylvania,Indiana,"Jeffrey St",0,0,0,0,1,N/A
1422171,"June 11, 2019","New Jersey",Trenton,"200 block of Hewitt St",0,0,0,0,1,N/A
1420601,"June 10, 2019","West Virginia",Buffalo,N/A,0,0,0,0,1,N/A
1418486,"June 9, 2019","North Carolina","Laurel Hill","Old Wire Rd",0,0,1,0,0,N/A
1420553,"June 9, 2019",Wisconsin,Fairchild,N/A,0,0,0,0,1,N/A
1418839,"June 8, 2019",Pennsylvania,Newport,"Red Hill Rd and Bucks Valley Rd",0,0,0,0,1,N/A
1418820,"June 8, 2019",Idaho,Pocatello,"N Main St",0,0,0,0,2,N/A
1419589,"June 7, 2019",Washington,Seattle,"4700 block of California Ave SW",0,0,0,0,1,N/A
1417610,"June 7, 2019",Kentucky,Mayfield,"Calhoun St and KY 1748 E",0,0,0,0,1,N/A
1416972,"June 7, 2019",Arizona,Tucson,"8000 block of N Country Home Ln",0,1,0,0,1,N/A
1418052,"June 7, 2019",Connecticut,Glastonbury,"Hubbard Ave",0,0,0,0,1,N/A
1417716,"June 7, 2019",Texas,Austin,"8220 TX-71",5,0,0,0,1,N/A
1417277,"June 6, 2019",California,Fresno,"N Glenn Ave and E Floradora Ave",0,0,0,0,2,N/A
1418958,"June 6, 2019",Maryland,Hagerstown,"124 High St",0,0,0,0,1,N/A
1415496,"June 6, 2019",Colorado,Pueblo,"1200 block of Pine St",0,0,0,0,1,N/A
1416613,"June 6, 2019","New Jersey",Newark,"Myrtle Ave",0,0,0,0,1,N/A
1419391,"June 6, 2019","New York","Rochester (Greece)",N/A,0,0,0,0,1,N/A
1415794,"June 5, 2019",California,Escalon,"18000 block of Brannan Rd",0,0,0,1,0,N/A
1415354,"June 5, 2019",Delaware,Laurel,"36000 block of Waycross Rd",0,0,0,0,1,N/A
1423674,"June 4, 2019",Texas,Laredo,"300 block of Caceres Ct",0,0,0,0,1,N/A
1415517,"June 4, 2019","New York","Niagara Falls","500 block of 77th St",0,0,0,0,1,N/A
1412649,"June 2, 2019",California,"West Hollywood","Melrose Ave and Westmount Dr",0,0,0,0,1,N/A
1413067,"June 2, 2019",Kentucky,Manchester,"US 421 and Clay Leslie Ind Park Rd",1,0,0,0,0,N/A
1412390,"June 2, 2019","New Jersey","Saddle River (Upper Saddle River)",N/A,0,0,0,0,1,N/A
1413612,"June 1, 2019",Missouri,Granby,"Reindeer Dr",1,0,0,0,1,N/A
1414666,"June 1, 2019",Florida,Tallahassee,"Avery Cir",0,0,0,0,1,N/A
1557504,"June 1, 2019",Iowa,"Cedar Rapids",N/A,0,0,0,0,2,N/A
1518482,"May 31, 2019",Ohio,Canton,"1200 block of 18th St NE",0,0,0,0,1,N/A
1411336,"May 31, 2019",Tennessee,Nashville,N/A,0,0,0,0,0,N/A
1411132,"May 30, 2019",Massachusetts,Stoneham,"Main St and Montvale Ave",0,0,0,0,1,N/A
1410229,"May 30, 2019",Indiana,Greencastle,"Van Bibber Lake Estates",0,0,0,0,0,N/A
1426638,"May 30, 2019",Maryland,Finksburg,"2400 block of Bollinger Mill Rd",0,0,0,0,1,N/A
1412198,"May 30, 2019",Texas,Dallas,"5850 Belt Line Rd",1,0,0,0,1,N/A
1411863,"May 29, 2019",California,"San Bernardino","655 E 3rd St",0,0,0,0,0,N/A
1409628,"May 29, 2019",Alabama,Tuscaloosa,"1350 James I Harrison Jr Pkwy",2,0,0,0,0,N/A
1409463,"May 28, 2019",Indiana,Kokomo,"500 block of Essex Dr",0,0,0,0,0,N/A
1407519,"May 28, 2019",Ohio,"Quaker City","Broadway St",0,0,0,0,0,N/A
1408168,"May 28, 2019",Mississippi,Guntown,"Co Rd 2346",0,0,0,0,0,N/A
1406188,"May 27, 2019",Georgia,Concord,"349 Bates Rd",1,0,0,1,0,N/A
1406889,"May 27, 2019",Louisiana,"Lake Charles","W Hale St",0,0,0,0,1,N/A
1405923,"May 26, 2019",Pennsylvania,"Upper Darby","7000 block of Radbourne Rd",1,0,0,0,0,N/A
1409703,"May 25, 2019",Massachusetts,Fitchburg,"Meadowbrook Ln",0,0,0,0,1,N/A
1404843,"May 25, 2019",California,"Valley Center","Lilac Knolls Rd",0,0,0,0,1,N/A
1415742,"May 25, 2019","New Mexico",Ruidoso,"100 block of Glade St",0,1,0,0,1,N/A
1499069,"May 25, 2019",Wisconsin,"Washington (county)",N/A,1,0,0,0,0,N/A
1405057,"May 25, 2019",California,"Live Oak","11074 Meyers Road",0,1,0,0,1,N/A
1404236,"May 24, 2019",Texas,Lufkin,"809 S Timberland Dr",0,0,0,0,1,N/A
1407050,"May 24, 2019",California,"Santa Maria (Orcutt)","5001 Orcutt Rd",0,0,0,0,1,N/A
1405816,"May 24, 2019",California,Redding,"5200 block of Cedars Rd",0,0,0,0,1,N/A
1404539,"May 24, 2019",Pennsylvania,Coraopolis,"2000 block of Forest Grove Rd",0,0,0,1,0,N/A
1405656,"May 24, 2019",Alabama,Athens,"Elk River Mills Rd",0,0,0,0,2,N/A
1421493,"May 23, 2019",Kansas,Leavenworth,N/A,0,0,0,0,1,N/A
1403471,"May 23, 2019",Nevada,"Las Vegas","5300 block of Arbor Way",1,0,0,0,1,N/A
1402125,"May 22, 2019",Kentucky,London,"Willie Cheek Rd",1,0,0,0,0,N/A
1404120,"May 22, 2019",Arkansas,England,"18609 Barnes Rd",0,0,0,0,1,N/A
1402894,"May 22, 2019",Texas,Cleveland,"Co Rd 2607",0,1,0,0,1,N/A
1416464,"May 22, 2019",Maryland,California,N/A,0,0,0,0,1,N/A
1548973,"May 22, 2019",Kentucky,"Science Hill","Charter Oaks Rd",0,1,0,0,2,N/A
1401648,"May 21, 2019",Maine,Auburn,"185 Main St",0,0,0,1,2,N/A
1400879,"May 21, 2019",Louisiana,"Port Barre","100 block of Pawnee St",0,2,0,1,0,N/A
1400575,"May 20, 2019",Pennsylvania,Lancaster,"400 block of South Christian St",4,0,0,0,1,N/A
1400140,"May 20, 2019",Indiana,"Fort Wayne","2509 Winch St",0,0,0,0,2,N/A
1399960,"May 19, 2019",Florida,"Panama City","100 block of Joy Cir",0,0,0,0,1,N/A
1400381,"May 18, 2019","New Jersey",Trenton,"Hart Ave",0,1,0,0,1,N/A
1399814,"May 18, 2019",Minnesota,Minneapolis,"1600 block of Thomas Ave N",1,0,0,0,1,N/A
1451200,"May 18, 2019",Missouri,Diamond,"Route J",0,0,1,0,1,N/A
1400626,"May 18, 2019",Utah,Ogden,"425 Park Blvd",0,0,0,0,1,N/A
1398192,"May 17, 2019",Massachusetts,Boston,"Warren St and Crawford St",0,0,0,0,3,N/A
2011251,"May 17, 2019",Illinois,Galesburg,"Iowa Ct",0,0,0,0,1,N/A
1400107,"May 17, 2019",Indiana,Indianapolis,"500 block of Woodruff Pl E Dr",0,0,0,0,0,N/A
1399892,"May 17, 2019","West Virginia",Logan,N/A,1,0,0,0,0,N/A
1397223,"May 16, 2019",Oklahoma,Tulsa,"2200 block of N Toledo Pl",0,0,0,0,0,N/A
1397003,"May 16, 2019",Delaware,Bear,"700 block of Pulaski Hwy",0,0,0,0,2,N/A
1399803,"May 15, 2019",Pennsylvania,"New Castle","1337 Patterson Rd",0,0,0,0,1,N/A
1397199,"May 15, 2019",Missouri,Ionia,N/A,0,1,0,0,1,N/A
1397497,"May 15, 2019",Alaska,Togiak,N/A,0,0,0,0,0,N/A
1398074,"May 14, 2019",Texas,Hondo,"1300 block of Ave D",1,0,0,0,3,N/A
1401189,"May 14, 2019","North Carolina","High Point","2000 N Main St",0,0,0,0,0,N/A
1397133,"May 14, 2019",Connecticut,Torrington,"211 High St",0,0,0,0,2,N/A
1395366,"May 13, 2019",Kentucky,Hopkinsville,"Skyline Dr",0,0,0,0,1,N/A
1394898,"May 13, 2019","North Carolina",Greenville,"Whitehurst Lane",0,1,0,1,0,N/A
1398174,"May 13, 2019",Arkansas,"Mountain Home","Co Rd 643",0,0,0,0,2,N/A
1394509,"May 13, 2019",Oklahoma,Mustang,"1200 W Westchester Way",1,0,0,0,1,N/A
1393856,"May 13, 2019","New Mexico","Las Cruces","4200 block of Independence Loop",3,0,0,0,2,N/A
1397453,"May 13, 2019",Louisiana,"Baton Rouge","Labelle Ave",0,0,0,0,1,N/A
1393120,"May 12, 2019",Georgia,"Stone Mountain","6200 block of E Ponce de Leon Ave",0,0,1,0,0,N/A
1394554,"May 12, 2019",Kansas,Salina,"600 block of N 10th St",0,0,0,0,0,N/A
1393178,"May 11, 2019",Maine,York,"Mill Ln",1,0,0,0,3,N/A
1392923,"May 11, 2019",Pennsylvania,Effort,"Toll Rd and Bayberry Rd",4,0,0,0,1,N/A
1395461,"May 11, 2019",Washington,Spokane,"N Market St",0,0,0,0,1,N/A
1392111,"May 10, 2019",Ohio,Cleves,"Laurelwood Dr",0,0,0,0,1,N/A
1431628,"May 10, 2019","South Carolina","Port Royal","2208 Southside Blvd",1,0,0,0,2,N/A
1392583,"May 10, 2019",California,Fresno,"1725 S. 2nd St",0,1,0,0,0,N/A
1391815,"May 9, 2019",California,Montebello,"Victoria Ave and 2nd St",0,0,0,1,0,N/A
1488493,"May 9, 2019",Virginia,Louisa,N/A,0,0,1,0,1,N/A
1408707,"May 9, 2019",Utah,"Saint George (St George)","3424 S River Road",0,1,0,1,0,N/A
1390995,"May 9, 2019",Kansas,Topeka,"4500 block of SE 25th St",0,0,0,0,0,N/A
1392828,"May 9, 2019",Vermont,Townshend,"VT 30",0,0,0,0,1,N/A
1392992,"May 9, 2019",Nebraska,Lincoln,"1016 F St",0,0,0,0,1,N/A
1390750,"May 8, 2019",Florida,"Fort Walton Beach","Beal Pkwy",0,0,0,0,2,N/A
1391164,"May 7, 2019",Alabama,"Gadsden (Southside)","Vista Trail",0,0,0,0,1,N/A
1389890,"May 7, 2019",Missouri,"Lees Summit","100 block of NW Chipman Rd",1,0,0,0,1,N/A
1390074,"May 7, 2019",Florida,Orlando,"211 N Parramore Ave",1,0,0,0,0,N/A
1390603,"May 7, 2019",Minnesota,Minneapolis,"2200 block of E 40th St",0,0,0,0,1,N/A
1389667,"May 6, 2019",Massachusetts,Holyoke,"229 Whiting Farms Rd",0,0,0,0,2,N/A
1532995,"May 6, 2019",Maryland,Lusby,"H G Trueman Rd",0,0,0,0,1,N/A
1390753,"May 6, 2019",Florida,Bunnell,"Avocado Blvd",0,0,0,0,1,N/A
1389876,"May 5, 2019",Vermont,"White River Junction","4536  Quechee W Hartford Rd",0,0,1,0,1,N/A
1391964,"May 5, 2019",Arizona,Safford,"8th Ave and 13th St",0,0,0,0,1,N/A
1388390,"May 4, 2019","North Carolina",Lenoir,"2600 block of Spears Rd",1,0,0,1,0,N/A
1386516,"May 4, 2019",Missouri,Vanzant,"MO-95 and MO-76",0,0,0,1,0,N/A
1387511,"May 4, 2019",Connecticut,Southington,"Long Ln",0,0,0,0,1,N/A
1389942,"May 4, 2019","Rhode Island",Providence,"Smith St",0,0,0,0,1,N/A
1386681,"May 3, 2019",Michigan,Detroit,"1000 block of W Grand Blvd",1,0,0,0,0,N/A
1397914,"May 3, 2019","New York","Greene (Smithville)","136 Water St",0,1,0,0,1,N/A
1385636,"May 3, 2019",Indiana,Indianapolis,"50 block of N High School Rd",0,0,0,0,4,N/A
1388883,"May 3, 2019","South Carolina",Cordova,"Blewer Rd",0,0,0,0,0,N/A
1388837,"May 3, 2019","South Carolina",Aiken,"Interlachen Ct SW",0,0,0,0,1,N/A
1386182,"May 2, 2019",Texas,Paris,"1000 block of E Washington St",0,0,0,0,2,N/A
1385355,"May 2, 2019",Louisiana,Chauvin,"211 Sunny Acres St",0,0,0,0,1,N/A
1385342,"May 2, 2019","New York",Windsor,"118 Main St",0,0,0,0,1,N/A
1385272,"May 2, 2019",Alabama,Athens,"15506 Clodessa Dr",0,0,0,0,1,N/A
1384832,"May 2, 2019",Indiana,Owensburg,"7251 E State Rd 58",0,1,0,0,0,N/A
1385360,"May 2, 2019","District of Columbia",Washington,"300 block of 37th St SE",1,0,0,0,1,N/A
1386889,"May 2, 2019",California,Oxnard,"3500 block of Schooner Walk",0,0,0,0,1,N/A
1384447,"May 1, 2019","North Carolina",Elon,"50 Campus Dr",0,0,0,0,1,N/A
1385357,"May 1, 2019",Nebraska,Lincoln,"E St and Goodhue Blvd",0,0,0,0,1,N/A
1384465,"May 1, 2019","New York",Palmyra,N/A,0,0,0,0,1,N/A
1385398,"April 30, 2019","New York",Tonawanda,"59 Dumas Pl",0,1,0,0,1,N/A
1385310,"April 29, 2019",Louisiana,"New Orleans","1200 block of Michael St",0,0,0,0,1,N/A
1383388,"April 29, 2019",Illinois,Rockford,"3400 block of Constance Dr",0,0,0,0,0,N/A
1383362,"April 29, 2019",Florida,Pensacola,"6th Ave and De Soto St",1,0,0,0,1,N/A
1383119,"April 28, 2019",Oregon,Portland,"NE Broadway",0,0,0,0,1,N/A
1478256,"April 28, 2019",Missouri,Joplin,"Roosevelt Ave and W 9th St",0,0,0,0,1,N/A
1383209,"April 28, 2019",Oklahoma,Beggs,"N 226 Rd",0,0,0,0,1,N/A
1383241,"April 28, 2019","New Mexico","Santa Fe","1896 Lorca Dr",0,1,0,0,1,N/A
1382392,"April 27, 2019","New York",Jamestown,"Partridge St",0,0,0,0,2,N/A
1383843,"April 27, 2019",Arkansas,"Hot Springs National Park (Hot Springs)","400 block of Oakwood St",0,0,0,0,1,N/A
1383820,"April 27, 2019","North Dakota",Minot,N/A,0,0,0,0,0,N/A
1381613,"April 27, 2019",Massachusetts,"Great Barrington","Monument Valley Rd",0,1,0,0,0,N/A
1456406,"April 27, 2019",Illinois,Chicago,"11200 block of S Homewood Ave",0,1,0,0,1,N/A
1381154,"April 26, 2019",Texas,"San Antonio","7800 block of Lanerose Place",0,0,1,0,0,N/A
1380417,"April 25, 2019",Louisiana,Eunice,"Townhome Dr",0,0,0,0,3,N/A
1379854,"April 25, 2019",Maryland,"North East","50 block of Merganser Ct",1,0,0,0,1,N/A
1380335,"April 25, 2019",Arizona,Glendale,"N 75th Ave and W Glendale Ave",1,0,0,0,1,N/A
1380532,"April 25, 2019",Ohio,Solon,"Glenallen Ave",0,0,0,0,1,N/A
1381097,"April 25, 2019","North Carolina",Apex,"3000 block of White Cloud Cir",0,0,0,1,0,N/A
1380020,"April 25, 2019",Pennsylvania,Scranton,"300 block of Mifflin Ave",1,0,0,0,1,N/A
1379664,"April 24, 2019",Oklahoma,Tulsa,"2202 S Phoenix Ave",0,1,0,0,1,N/A
1404152,"April 24, 2019",Arkansas,"Mountain Home",N/A,0,0,0,0,1,N/A
1379196,"April 24, 2019",Florida,"Tampa (Town N Country)","7000 block of Lawnview Ct",0,0,1,0,0,N/A
1379765,"April 24, 2019",Oregon,"Portland (Tigard)","10500 SW Nimbus Ave",1,0,0,0,1,N/A
1380232,"April 24, 2019","North Carolina",Lumberton,"2309 US 74 W",0,1,0,0,1,N/A
2314248,"April 24, 2019",Arizona,"Tuba City",N/A,0,1,0,0,1,N/A
1381381,"April 24, 2019","South Carolina","Lancaster (county)",N/A,1,0,0,0,0,N/A
1381684,"April 24, 2019",Massachusetts,Burlington,"Cambridge St",0,0,0,0,1,N/A
1379334,"April 23, 2019","New York",Saugerties,"Washington Ave Ext",0,0,0,0,1,N/A
1378664,"April 23, 2019",Maryland,"Gwynn Oak (Woodlawn)","1900 block of Kernan Dr",1,0,0,0,1,N/A
1381166,"April 23, 2019",Montana,Missoula,"114 S 6th St W",0,0,0,0,1,N/A
1378800,"April 22, 2019",Massachusetts,Boston,"6 Michigan Ave",0,0,0,0,2,N/A
1377962,"April 22, 2019",Texas,"Fort Worth (Watauga)","6500 block of Wooddale Dr",0,1,0,1,0,N/A
1377909,"April 22, 2019",Ohio,Williamsburg,"3100 block of Twin Bridges Rd",2,0,0,0,1,N/A
1378643,"April 22, 2019",Tennessee,Decherd,"200 block of College St",0,1,0,0,1,N/A
1376607,"April 20, 2019","New Mexico","Los Lunas","279 El Cerro Loop",0,3,0,0,3,N/A
1377231,"April 20, 2019",Georgia,Athens,"1249 Hull Rd",0,0,0,1,0,N/A
1376484,"April 19, 2019",Alabama,Cottonwood,"Co Rd 81",0,1,0,0,1,N/A
1376350,"April 17, 2019",Kentucky,Scottsville,"Old Hartsville Rd",0,0,0,0,1,N/A
1373946,"April 17, 2019",Colorado,Evergreen,"12999 Squaw Pass Rd",0,0,0,1,0,N/A
1375184,"April 17, 2019",Tennessee,"Mountain City","Pine Mountain Rd",1,0,0,0,1,N/A
1373094,"April 16, 2019",Arkansas,"Fort Smith","700 block of Cavanaugh Rd",0,0,0,0,0,N/A
1373283,"April 16, 2019",California,Pacoima,"13100 block of Hoyt St",0,0,0,0,1,N/A
1407628,"April 16, 2019",Pennsylvania,Williamsburg,"142 Long Rd",0,0,0,0,0,N/A
1379112,"April 16, 2019",Maryland,Elkton,"2900 block of Old Elk Neck Rd",0,0,0,0,1,N/A
1374416,"April 16, 2019",Michigan,Jackson,"438 Barrett Ave",1,0,0,0,1,N/A
1373062,"April 15, 2019",Washington,Olalla,"7000 block of Willock Rd",0,0,0,0,1,N/A
1372935,"April 15, 2019",Indiana,Evansville,"Hillcrest Terrace",0,0,0,0,0,N/A
1374185,"April 15, 2019",Kentucky,"Big Clifty","1st St",0,0,0,0,1,N/A
1371814,"April 14, 2019","New Hampshire",Newport,"147 Laurel St",1,0,0,0,1,N/A
1373089,"April 14, 2019",Washington,Graham,"7900 block of 262nd St E",0,0,0,0,1,N/A
1372420,"April 14, 2019",Wisconsin,Appleton,"4300 W Edgewood Dr",0,2,0,0,1,N/A
1370984,"April 14, 2019",California,"Los Angeles","7th St and Hope St",0,0,0,1,0,N/A
1371552,"April 14, 2019",Utah,Clearfield,"300 N and State St",0,0,0,0,1,N/A
1380029,"April 13, 2019",Missouri,"Carl Junction","29270 Hunter Rd",0,0,0,0,1,N/A
1370838,"April 13, 2019","South Carolina",Lexington,"100 block of Mooring Ln",0,0,0,0,1,N/A
1370222,"April 12, 2019",Oklahoma,Mcalester,"Daisy Rd",0,0,0,0,1,N/A
1370890,"April 12, 2019",Colorado,"Coal Creek","Signal Rock Rd",0,0,0,0,1,N/A
1370673,"April 12, 2019","New York","Johnson City","Farr Ave",0,0,0,0,3,N/A
1369120,"April 11, 2019",Texas,Canutillo,"6700 block of Third St",0,0,0,1,0,N/A
1369803,"April 10, 2019",Wisconsin,"Clear Creek","E10691 Co Rd V",0,0,0,0,1,N/A
1368687,"April 10, 2019",Florida,"The Villages","1949 Palo Alto Ave",0,0,0,0,2,N/A
1368590,"April 10, 2019",Illinois,Quincy,"300 Gardner Expy",0,0,0,0,1,N/A
1377881,"April 9, 2019",Tennessee,Nashville,"Murfreesboro Pike",0,0,0,0,1,N/A
1367185,"April 9, 2019",Ohio,Youngstown,"135 Tod Ln",0,1,0,0,0,N/A
1367472,"April 9, 2019",Ohio,Youngstown,"600 block of Kendis Cir",1,0,0,0,0,N/A
1366927,"April 8, 2019",Alabama,Elmore,"2690 Marion Spillway Rd",0,0,1,0,1,N/A
1369295,"April 8, 2019",Florida,"Fort White","Old Spanish Rd",0,1,0,0,2,N/A
1436313,"April 8, 2019",Tennessee,Paris,"Reynoldsburg Road",0,0,0,0,0,N/A
1366380,"April 8, 2019","West Virginia","North Matewan",N/A,0,0,0,0,1,N/A
1366372,"April 8, 2019",Mississippi,Saltillo,"Co Rd 251",0,0,0,0,0,N/A
1365915,"April 8, 2019",Utah,"Salt Lake City","3339 S State St",0,0,0,1,0,N/A
1365375,"April 7, 2019","New York","Niagara Falls","1349 Linwood Ave",2,0,0,0,0,N/A
1365280,"April 7, 2019",California,Hawthorne,"12501 Hawthorne Blvd",0,1,0,0,1,N/A
1367365,"April 7, 2019",Minnesota,Bemidji,"Eighth St NW and Park Ave",1,0,0,0,0,N/A
1365170,"April 7, 2019",Washington,Richland,"1916 Jadwin Ave",0,0,1,0,0,N/A
1364927,"April 7, 2019",Missouri,"Saint Louis","900 block of Laurel St",0,0,1,0,1,N/A
1369685,"April 7, 2019","New Mexico",Portales,"400 block of N Ave B",0,1,0,0,4,N/A
1368967,"April 6, 2019",California,Merced,"1400 block of Stretch Rd",0,0,0,0,2,N/A
1364961,"April 6, 2019",Oklahoma,Tulsa,"8200 block of E 60th St",0,0,0,0,1,N/A
1366438,"April 6, 2019",Kentucky,Louisville,"12th St and Hill St",0,0,0,0,1,N/A
1365067,"April 6, 2019",Tennessee,Memphis,"3573 Sharpe Ave",0,1,0,0,0,N/A
1364741,"April 6, 2019",Connecticut,Hartford,"207 Brainard Rd",0,0,0,0,1,N/A
1363602,"April 5, 2019","New York",Farmingville,"Horizon View Dr",0,0,0,0,0,N/A
1364476,"April 5, 2019",Tennessee,Cosby,"4544 Hooper Hwy",0,1,0,0,1,N/A
1364190,"April 4, 2019",Texas,Tyler,"13100 block of FM 850",0,1,0,0,0,N/A
1363139,"April 3, 2019",Florida,Fellsmere,"12945 100th Ln",0,0,0,0,2,N/A
1367042,"April 3, 2019",Arkansas,Strong,"Pine St",0,0,0,0,1,N/A
1362557,"April 2, 2019",Missouri,Fulton,"County Road 136",0,1,0,0,1,N/A
1363046,"April 2, 2019","New Jersey",Jackson,"528 Cerrina Rd",0,0,0,0,1,N/A
1362947,"April 1, 2019","South Carolina",Gaffney,"100 Killion Dr",0,0,0,0,1,N/A
1518650,"April 1, 2019",Massachusetts,Franklin,"490 W Central St",0,0,0,0,1,N/A
1366568,"April 1, 2019",Maryland,"Lexington Park","Stoney Brook Dr",0,0,0,0,1,N/A
1360797,"April 1, 2019",Pennsylvania,Clairton,"800 block of Horton St",0,0,0,0,1,N/A
1366452,"April 1, 2019","New Hampshire",Somersworth,"64 Union St",0,0,0,0,1,N/A
1361098,"March 31, 2019",Texas,Killeen,"2700 block of Hector Dr",0,0,0,0,1,N/A
1368781,"March 31, 2019","Rhode Island",Westerly,N/A,0,0,0,0,1,N/A
1364188,"March 30, 2019","New York","Rochester (Greece)","Third Ave",0,0,0,0,1,N/A
1359253,"March 30, 2019",Mississippi,Pelahatchie,"3 J Burnham Rd",0,1,1,0,0,N/A
1387073,"March 30, 2019",Illinois,Romeoville,"1700 block of Sierra Trail",0,1,0,0,1,N/A
1358054,"March 27, 2019",Texas,Whiteface,N/A,0,0,0,1,0,N/A
1359297,"March 27, 2019",California,"Santa Barbara","4500 block of Oak Glen Dr",0,0,0,0,1,N/A
1356985,"March 27, 2019",Missouri,Potosi,"MO-21 and Danville Rd",0,0,0,0,1,N/A
1355645,"March 26, 2019",Iowa,Waterloo,"65 Conger St",0,0,0,0,2,N/A
1364920,"March 26, 2019",Missouri,Potosi,"Villa Rd",0,0,0,0,1,N/A
1356371,"March 26, 2019","New Jersey",Newark,"305 Roseville Ave",0,0,0,0,1,N/A
1373220,"March 25, 2019",Pennsylvania,"Upper Darby","36 N Harwood Ave",0,0,0,0,2,N/A
1358471,"March 25, 2019","North Carolina",Stokes,"3200 block of NC 30",0,0,0,0,0,N/A
1358213,"March 25, 2019",Nebraska,Lincoln,"8007 Medicine Hat Rd",0,0,0,0,1,N/A
1355032,"March 24, 2019",Texas,Waco,"9100 block of Gholson Rd",0,0,0,0,1,N/A
1355827,"March 24, 2019","North Carolina",Greenville,"2200 Bellamy Dr",0,0,0,0,0,N/A
1361105,"March 24, 2019",Washington,Bellingham,"200 block of W Holly St",0,0,0,0,1,N/A
1355834,"March 24, 2019",Oklahoma,Mcalester,N/A,1,0,0,0,1,N/A
1353866,"March 23, 2019",Nebraska,Douglas,"1st St and Otoe St",0,2,0,0,1,N/A
1353822,"March 23, 2019",Colorado,"Grand Junction","2900 block of Bunting Ave",0,0,0,1,0,N/A
1353680,"March 23, 2019",Oklahoma,Tulsa,"4808 S Elwood Ave",0,1,0,0,1,N/A
1353890,"March 23, 2019",Nebraska,Lincoln,"7300 Adams St",0,0,0,0,0,N/A
1354216,"March 22, 2019",Massachusetts,Springfield,"109 Oakland St",0,0,0,0,2,N/A
1355042,"March 22, 2019",Illinois,"East Saint Louis","5841 Bunkum Rd",0,0,0,0,0,N/A
1352268,"March 21, 2019",Ohio,Greenville,"400 block of Central Ave",1,0,0,0,0,N/A
1353142,"March 21, 2019",Texas,Lubbock,"33rd St and Avenue N",0,0,0,0,1,N/A
1356071,"March 21, 2019",Arkansas,"Hot Springs National Park (Hot Springs)","67 Stonegate Dr",0,0,0,0,0,N/A
1352417,"March 21, 2019",Connecticut,Norwalk,"6 Center Ave",0,0,0,0,1,N/A
1351981,"March 21, 2019",Illinois,Monmouth,"1100 E Jackson Ave",0,0,0,0,1,N/A
1352035,"March 20, 2019",Virginia,"Iron Gate","802 Commerce Ave",0,0,0,0,1,N/A
1353213,"March 20, 2019",California,Manteca,"1000 block of Sunfish Dr",0,0,0,0,1,N/A
1353186,"March 20, 2019",California,"Desert Hot Springs","15000 block of Avenida Atezada",0,0,0,0,1,N/A
1353118,"March 20, 2019","North Carolina",Greenville,"2200 block of University Suites Dr",0,0,0,0,0,N/A
1350613,"March 19, 2019",California,Oceanside,"4700 block of Marblehead Bay Dr",0,0,0,0,0,N/A
1350290,"March 19, 2019",Missouri,"Saint Louis (University City)","1500 block of N Hanley Rd",0,0,0,1,0,N/A
1355048,"March 19, 2019",Missouri,Rogersville,"9100 block of E State Hwy D",0,0,0,0,1,N/A
1350753,"March 19, 2019",Texas,Abilene,"3501 N 6th St",1,0,0,0,0,N/A
1350685,"March 18, 2019","South Dakota","Sioux Falls","W 46th St and Palisade Ln",0,0,0,0,0,N/A
1367248,"March 18, 2019","New York",Carmel,NY-301,0,0,0,0,1,N/A
1349563,"March 18, 2019",Utah,"Salt Lake City (Kearns)","5007 W 5400 South",0,1,0,0,1,N/A
1354355,"March 18, 2019",Connecticut,Torrington,"228 Pineridge Rd",0,0,0,0,1,N/A
2272792,"March 17, 2019",Montana,"Box Elder",N/A,1,0,0,0,1,N/A
1349075,"March 17, 2019",Connecticut,Moosup,"108 Green Hollow Rd",0,0,0,0,1,N/A
1348862,"March 16, 2019",Kentucky,Madisonville,N/A,0,0,0,0,1,N/A
1350444,"March 16, 2019","North Carolina",Greenville,"2200 University Suites Dr",0,0,0,0,0,N/A
1348749,"March 16, 2019",Oklahoma,Tulsa,"1800 block of E 71st St",0,0,0,0,2,N/A
1351493,"March 15, 2019",Tennessee,Kingston,"1500 River Rd",0,1,0,0,1,N/A
1356848,"March 15, 2019",Iowa,"Cedar Rapids","1190 Capital Dr SW",0,0,0,0,3,N/A
1348581,"March 15, 2019",Alaska,Akiachak,N/A,0,0,0,0,1,N/A
1347642,"March 15, 2019","North Carolina",Mooresville,"743 River Hwy",0,0,0,0,0,N/A
1349434,"March 15, 2019",Pennsylvania,Punxsutawney,"Timber Ln",0,0,0,0,1,N/A
1377730,"March 15, 2019",Delaware,Wilmington,"2900 block of Tatnall St",0,0,0,0,2,N/A
1349978,"March 15, 2019",Pennsylvania,"West Sunbury","1810 W Sunbury Rd",0,0,0,0,1,N/A
1347874,"March 15, 2019",Mississippi,Courtland,"495 Woodruff St",0,1,0,0,1,N/A
1347117,"March 14, 2019",Georgia,Gainesville,"5300 block of Mount Vernon Preserve Ct",0,0,0,0,1,N/A
1349291,"March 14, 2019",Connecticut,"New Haven","50 Fitch St",0,0,0,0,0,N/A
1347415,"March 14, 2019",Georgia,Murrayville,"Mount Vernon Preserve Ct",0,0,0,0,1,N/A
1347928,"March 14, 2019",Michigan,Burton,"4400 Kings Ln",3,0,0,0,0,N/A
1347900,"March 14, 2019","Rhode Island",Providence,"90 Hall St",0,0,0,0,2,N/A
1347838,"March 13, 2019",California,Bakersfield,"33000 Stockdale Hwy",0,0,0,0,1,N/A
1346228,"March 13, 2019",Tennessee,Nashville,"801 Monroe St",0,0,1,0,2,N/A
1348203,"March 13, 2019",California,Bakersfield,"400 block of Beardsley Ave",0,0,0,0,2,N/A
1346751,"March 13, 2019",Florida,Williston,"Co Rd 318",0,0,0,0,1,N/A
1346082,"March 12, 2019",Utah,Draper,"916 E 11900 S",1,1,0,0,0,N/A
1347563,"March 11, 2019","West Virginia",Tallmansville,"Big Bend Rd",0,0,0,0,1,N/A
1344891,"March 11, 2019",Tennessee,Nolensville,"7357 Nolensville Rd",0,0,0,0,1,N/A
1346576,"March 11, 2019",Pennsylvania,Philadelphia,"2000 block of Glendale Ave",1,0,0,0,0,N/A
1343887,"March 11, 2019","North Carolina",Charlotte,"8605 University City Blvd",0,0,0,0,0,N/A
1345699,"March 11, 2019",Connecticut,"New Haven","85 St John St",0,0,0,0,0,N/A
1346326,"March 10, 2019","New York",Ossining,"Nicole Cir",0,0,0,0,1,N/A
1343104,"March 9, 2019",Vermont,"Bellows Falls (Rockingham)","22 Cota Heights Rd",0,0,1,0,1,N/A
1343085,"March 8, 2019",Texas,"New Caney","19969 US-59",0,1,0,0,1,N/A
1348395,"March 8, 2019",Ohio,Westlake,"25200 Sperry Dr",0,0,0,0,1,N/A
1344901,"March 7, 2019",Florida,"Port Charlotte","Toledo Blade Blvd",0,0,0,0,1,N/A
1341595,"March 7, 2019",Pennsylvania,Erie,"2900 block of Hazel St",0,0,0,0,1,N/A
1342586,"March 6, 2019",Florida,Cocoa,"Emerald Lake Dr",1,0,0,0,1,N/A
1342915,"March 6, 2019",Florida,Dunnellon,"19600 block of SW 110th St",0,0,0,0,1,N/A
1346217,"March 6, 2019",Georgia,Eatonton,"GA 24 and Church St",0,0,0,0,1,N/A
1347366,"March 5, 2019",Florida,Miami,"SW 201st St",0,0,0,0,1,N/A
1344639,"March 5, 2019",Texas,"El Paso","400 block of Tierra Dorado Dr",2,0,1,0,4,N/A
1342627,"March 5, 2019",Nebraska,Kearney,"900 block of W 24th St",0,0,0,0,1,N/A
1342766,"March 5, 2019","New Mexico",Anthony,"400 Tierra Dorada Cir",2,0,0,0,4,N/A
1340430,"March 4, 2019",Missouri,Lamar,"407 SE 53rd Ln",0,0,0,0,2,N/A
1339618,"March 4, 2019",Iowa,"Des Moines","E 25th St and Logan Ave",1,0,0,1,2,N/A
1340052,"March 4, 2019",Ohio,Cleveland,"3400 block of E 103rd St",0,1,0,0,1,N/A
1339490,"March 4, 2019",Texas,"San Antonio","11707 Spring Dale Dr",0,0,0,1,0,N/A
1341463,"March 4, 2019",Maine,"Fort Fairfield","Brookview Ave",0,0,0,0,1,N/A
1340200,"March 4, 2019",Georgia,Morganton,"300 Underwood Road",0,2,0,1,0,N/A
1339685,"March 3, 2019",California,Fresno,"E Belmont and N Van Ness Ave",0,0,0,0,1,N/A
1339672,"March 3, 2019","New York",Buffalo,"Lockwood Ave",0,0,0,0,0,N/A
1339641,"March 2, 2019",California,Oxnard,"5200 block of S J St",0,0,0,0,1,N/A
1337978,"March 1, 2019",Texas,"San Antonio","1120 W Loop 1604 N",0,0,1,0,1,N/A
1337826,"March 1, 2019",Tennessee,Alcoa,"862 Cherry St",0,1,1,0,0,N/A
1340529,"March 1, 2019","South Carolina",Loris,"Dossie Rd",0,0,0,0,0,N/A
1337324,"February 28, 2019",Louisiana,"Pierre Part","Derrick St",0,0,0,0,1,N/A
1337644,"February 28, 2019",Maryland,Baltimore,N/A,0,0,0,0,0,N/A
1337397,"February 28, 2019",Utah,Orem,"1225 W 1000 S",0,0,0,1,0,N/A
1337541,"February 28, 2019",Washington,Pasco,"130 Diamond Dr",0,0,0,0,1,N/A
1336494,"February 27, 2019",Alabama,Grant,"2nd St E",0,0,0,0,1,N/A
1338498,"February 27, 2019",Maryland,Rosedale,"5000 block of White Marsh Rd",0,0,0,0,0,N/A
1337519,"February 27, 2019",Vermont,Irasburg,"670 Simino Ln",0,0,0,0,1,N/A
1338067,"February 27, 2019",Louisiana,Lafayette,N/A,0,0,0,0,3,N/A
1336734,"February 27, 2019",Massachusetts,Worcester,"40 Berkmans St",0,0,0,0,1,N/A
1337282,"February 26, 2019","New York",Ogdensburg,"608 Jersey Ave",0,0,0,0,4,N/A
1335680,"February 26, 2019",Minnesota,Miltona,"437 2nd Ave N",0,0,0,1,0,N/A
1335594,"February 26, 2019","South Carolina",Huger,"Waterfowl Ln",0,0,0,1,0,N/A
1337070,"February 26, 2019","West Virginia",Grafton,"Pomraning Dr",0,0,0,0,1,N/A
1335502,"February 24, 2019",Massachusetts,Lawrence,"Alder St",0,0,0,0,1,N/A
1334422,"February 24, 2019",Tennessee,"Bulls Gap","Spice Cove",0,0,1,0,0,N/A
1335419,"February 23, 2019",Florida,Ocala,"244 Marion Oaks Dr",0,0,0,0,1,N/A
1335335,"February 23, 2019",Ohio,Clyde,"W McPherson Hwy",0,0,0,0,1,N/A
1366446,"February 23, 2019",Maine,Lisbon,"Pinewoods Rd",0,0,0,0,1,N/A
1335418,"February 22, 2019",Florida,"Silver Springs","SE 173rd Terrace",0,0,0,0,0,N/A
1332733,"February 22, 2019",Maryland,Baltimore,N/A,0,0,0,0,0,N/A
1333270,"February 22, 2019",Illinois,Mattoon,"Trilla Rd",0,0,0,0,1,N/A
1338012,"February 21, 2019",Pennsylvania,Chester,"1300 block of Martin Luther King Mall",0,0,0,0,1,N/A
1332097,"February 21, 2019",Oklahoma,"Oklahoma City","NW 63rd St and N Sara Rd",0,0,0,0,2,N/A
1332676,"February 21, 2019",Colorado,Pueblo,"1900 block of W 12th St",0,0,0,0,1,N/A
1332586,"February 21, 2019",Pennsylvania,Pittsburgh,"300 block of Penfort St",0,0,0,0,1,N/A
1332022,"February 21, 2019",Ohio,Youngstown,"1100 block of Inverness Ave",0,0,0,0,1,N/A
1333250,"February 21, 2019",Texas,"San Antonio","200 block of Monclova Alley",0,1,0,0,1,N/A
1335356,"February 21, 2019",Maryland,Westminster,N/A,0,0,0,0,1,N/A
1332340,"February 21, 2019",Mississippi,"Pass Christian","Edwin Ladner Rd",0,0,0,0,2,N/A
1333045,"February 21, 2019",Georgia,Hahira,"N Church St",0,0,0,0,1,N/A
1332465,"February 21, 2019","New York",Bellmore,"Thomas Pl",0,1,0,1,0,N/A
1333350,"February 21, 2019",Missouri,Springfield,"2000 block of N Johnston Ave",0,1,0,0,1,N/A
1332427,"February 20, 2019",Washington,Amboy,"227 Frasier Road",0,0,0,0,1,N/A
1330843,"February 19, 2019",Maine,"Pleasant Ridge Plantation",N/A,1,0,0,0,0,N/A
1331018,"February 18, 2019",Colorado,Broomfield,"2720 Calkins Pl",0,1,0,1,0,N/A
1330733,"February 18, 2019","South Dakota","Sioux Falls","4200 block of W Valhalla Blvd",0,0,0,0,1,N/A
1329526,"February 18, 2019",Tennessee,Memphis,"Kimball Ave and Lamar Ave",1,0,0,0,1,N/A
1329969,"February 18, 2019",Pennsylvania,Philadelphia,"2000 block of Glendale Ave",1,0,0,0,1,N/A
1329040,"February 17, 2019",Kansas,Wichita,"4449 S Broadway",0,1,0,0,2,N/A
1331633,"February 17, 2019",Connecticut,"Jewett City (Griswold)","179 E Main St",0,0,0,0,1,N/A
1330834,"February 17, 2019",Idaho,"Idaho Falls","400 block of Neptune Dr",0,0,0,0,1,N/A
1329800,"February 16, 2019",Iowa,Waterloo,"216 Brookeridge Dr",0,0,0,0,1,N/A
1329265,"February 16, 2019","North Dakota",Fargo,"1000 block of 42nd St S",1,0,0,0,1,N/A
1335871,"February 16, 2019","South Dakota","Rapid City",N/A,0,0,0,0,1,N/A
1327816,"February 15, 2019",Alabama,Dothan,"Harper Joy Rd",0,0,0,0,1,N/A
1331705,"February 15, 2019",Maryland,"Silver Spring",N/A,0,0,0,0,1,N/A
1330984,"February 15, 2019",Pennsylvania,Canonsburg,"20 Van Eman St",0,0,0,0,1,N/A
1326750,"February 14, 2019",Indiana,Elkhart,"1300 block of Valentines Ln",1,0,0,0,0,N/A
1326893,"February 14, 2019",Pennsylvania,Greensboro,"145 Alicia Main St",0,1,0,0,1,N/A
1327233,"February 14, 2019",Tennessee,Goodlettsville,"7745 Ridgewood Rd",0,0,0,0,1,N/A
1327082,"February 13, 2019",Wisconsin,Neenah,"400 block of Quarry Ln",0,0,0,0,1,N/A
1325990,"February 12, 2019",Ohio,"West Salem","300 block of S Main St",0,0,0,0,1,N/A
1325909,"February 12, 2019",Georgia,Atlanta,"3315 Osborne Rd NE",0,0,0,0,1,N/A
1324198,"February 11, 2019",Tennessee,"Lenoir City","165 Lee Hi St",0,1,0,0,1,N/A
1323963,"February 10, 2019",Arkansas,"Hot Springs Village","700 block of Ellison Rd",0,0,0,0,1,N/A
1325107,"February 10, 2019",Indiana,Anderson,"2300 block of E County Rd 360 N",0,0,0,0,1,N/A
1323005,"February 9, 2019",Indiana,Lafayette,"3216 Crosspoint Ct N",0,0,0,0,1,N/A
1323237,"February 9, 2019","North Carolina",Bailey,"1200 block of Maudis Rd",0,0,0,1,0,N/A
1322849,"February 8, 2019","North Carolina",Concord,"Farmer Ct",0,0,1,0,0,N/A
1322839,"February 8, 2019","South Carolina",Lancaster,"239 South Ave",0,0,0,0,1,N/A
1322916,"February 8, 2019","Rhode Island",Providence,"1117 Douglas Ave",0,0,0,0,1,N/A
1328430,"February 7, 2019",Ohio,Caldwell,"Minerva Ave",0,0,0,0,0,N/A
1322473,"February 7, 2019",Florida,Marathon,"Sombrero Beach Rd",0,0,0,0,1,N/A
1322966,"February 7, 2019",Massachusetts,Everett,"Broadway and Bowdoin St",0,0,0,0,2,N/A
1321744,"February 6, 2019",Alabama,Dothan,"1000 block of Linden St",1,0,0,0,1,N/A
1321275,"February 6, 2019","New York",Patchogue,"57 Wilmarth Ave",0,0,0,0,1,N/A
1321151,"February 5, 2019",Texas,Hewitt,"420 N Hewitt Dr",0,0,0,0,1,N/A
1326417,"February 5, 2019",Florida,Gainesville,"NW 39th Ave",0,0,0,0,1,N/A
1319960,"February 4, 2019","South Carolina",Irmo,"200 block of Clarion Rd",0,1,0,1,0,N/A
1328379,"February 4, 2019",Indiana,"Fort Wayne","1100 block of Sibley St",0,0,0,0,2,N/A
1319737,"February 4, 2019",Illinois,"Chicago (Calumet Park)","I-57 and W 127th St",3,0,0,0,3,N/A
1327141,"February 4, 2019","New Mexico","Las Cruces","1900 block of Princess Jeanne Dr",0,0,0,0,1,N/A
1320198,"February 3, 2019",Arkansas,"Hot Springs National Park (Hot Springs)","164 Piney Loop",0,0,0,0,0,N/A
1319316,"February 3, 2019",Kentucky,Hopkinsville,"Linwood Dr",0,0,0,0,2,N/A
1778045,"February 3, 2019",Iowa,Waterloo,"1005 1/2 W Mullan Ave",0,0,0,0,1,N/A
1318814,"February 3, 2019",Virginia,Dublin,I-81,0,0,1,0,0,N/A
1318690,"February 3, 2019",Pennsylvania,Philadelphia,"5400 block of Media St",1,0,0,0,0,N/A
1319673,"February 3, 2019",California,Petaluma,"401 Kennilworth Dr",0,0,0,0,2,N/A
1319410,"February 2, 2019","West Virginia",Huntington,"3400 block of 5th Ave",0,0,0,0,1,N/A
1318935,"February 2, 2019",Pennsylvania,Philadelphia,"4200 block of Palmetto St",0,0,0,0,0,N/A
1318166,"February 1, 2019","New York",Clarence,"7675 Goodrich Rd",0,0,0,0,1,N/A
1318162,"February 1, 2019",Wisconsin,Janesville,"613 E Milwaukee St",0,0,0,0,1,N/A
1320897,"February 1, 2019",California,Porterville,"N Howland St",0,0,0,0,4,N/A
1318831,"February 1, 2019",California,Chatsworth,"9600 block of Mason Ave",0,0,0,0,1,N/A
1318090,"February 1, 2019",Delaware,"New Castle","Christiana Rd and Catherine St",0,0,0,0,1,N/A
1376494,"January 31, 2019",Connecticut,"New Haven","1 Union Ave",0,0,0,0,5,N/A
1321278,"January 31, 2019","New York",Hempstead,"Terrace Ave",0,0,0,0,3,N/A
1316483,"January 30, 2019",Maryland,Salisbury,"600 block of Light St",1,0,0,0,0,N/A
1317176,"January 30, 2019",Mississippi,Plantersville,MS-6,0,0,0,0,0,N/A
1315919,"January 29, 2019",Tennessee,Hendersonville,"200 block of Ivy Dr",0,0,0,0,1,N/A
1319625,"January 29, 2019",Louisiana,Duson,"Dwayne Dr and Tunica Ln",0,0,0,0,1,N/A
1314289,"January 28, 2019",Texas,Houston,"7815 Harding St",3,0,2,2,2,N/A
1315207,"January 28, 2019",Virginia,Stafford,"Ebenezer Church Rd",0,0,0,0,0,N/A
1313524,"January 27, 2019",Alabama,Rogersville,"900 block of Lauderdale 84",0,0,0,0,0,N/A
1313737,"January 26, 2019",Pennsylvania,Erie,"3800 block of Carney Ave",0,0,0,0,0,N/A
1418954,"January 26, 2019","New Hampshire",Winchester,"54 Parker St",0,0,0,0,1,N/A
1313705,"January 26, 2019",Michigan,Kalamazoo,"6000 block of E Michigan Ave",0,0,0,0,3,N/A
1311430,"January 25, 2019","North Carolina","Hope Mills","4184 Elk Rd",0,0,0,0,1,N/A
1311317,"January 25, 2019",Tennessee,Memphis,"700 block of E Georgia Ave",0,0,0,0,1,N/A
1312307,"January 25, 2019",Tennessee,"Chattanooga (East Ridge)","925 Altamaha St",1,0,0,0,0,N/A
1311403,"January 25, 2019",Kentucky,Leitchfield,"1990 Moutardier Rd",1,0,0,0,1,N/A
1311345,"January 24, 2019","South Carolina","Mc Coll (Mccoll)",N/A,0,0,0,0,1,N/A
1311217,"January 24, 2019",Nebraska,"Grand Island","W 2nd St and N Tilden St",0,0,0,0,2,N/A
1310278,"January 24, 2019","North Carolina","Buies Creek","Main St and Winston Dr",0,0,0,0,0,N/A
1310021,"January 24, 2019",Indiana,Bloomington,"3800 block of Knightridge Rd",0,1,0,0,1,N/A
1311550,"January 24, 2019",Idaho,Weston,N/A,0,0,0,0,1,N/A
1314085,"January 24, 2019",Florida,"Palm Bay","900 block of Sable Cir",0,0,0,0,1,N/A
1314964,"January 24, 2019",Maryland,Huntingtown,"2100 block of Wilson Rd",0,0,0,0,1,N/A
1312020,"January 24, 2019",Idaho,Preston,N/A,0,0,0,0,1,N/A
1310061,"January 23, 2019",California,Norwalk,"14616 Dinard Ave",1,0,0,0,0,N/A
1310096,"January 23, 2019",California,Fresno,"Bardell Ave and Grove Ave",0,0,0,0,1,N/A
1309682,"January 23, 2019","New York",Southampton,"Church St",0,0,0,0,1,N/A
1312956,"January 23, 2019",Arkansas,"Fort Smith","N 9th St and N M St",0,0,0,0,0,N/A
1308226,"January 22, 2019","North Dakota","Grand Forks","800 block of University Ave",0,0,0,0,0,N/A
1311036,"January 22, 2019",Michigan,Milford,"Bishop St",0,0,0,0,1,N/A
1335029,"January 21, 2019",Minnesota,Minneapolis,"4000 block of N Aldrich Ave",0,0,0,0,1,N/A
1308178,"January 21, 2019",Illinois,Centralia,"110 S Oak St",0,0,0,0,1,N/A
1307368,"January 21, 2019",Kansas,Wichita,"2201 E MacArthur Rd",0,1,0,0,0,N/A
1308665,"January 21, 2019",Missouri,California,"Mount Hope Rd",0,0,0,0,0,N/A
1310530,"January 21, 2019",Georgia,Macon,"4000 block of Wesleyan Woods Dr",0,0,0,0,0,N/A
1306773,"January 20, 2019",Kentucky,Greenup,"Cardinal Point",1,0,0,0,1,N/A
1498906,"January 19, 2019",Wisconsin,"Taylor (county)",N/A,1,0,0,0,0,N/A
1308951,"January 19, 2019",Maryland,Hampstead,"900 block of Houcksville Rd",0,0,0,0,1,N/A
1308399,"January 19, 2019",Georgia,Gainesville,"Gillespie Rd",1,0,0,0,1,N/A
1309685,"January 19, 2019","New York","East Quogue","5 block of Box Tree Rd",0,0,0,0,0,N/A
1313725,"January 18, 2019",Pennsylvania,Erie,"700 block of East Ave",0,0,0,0,1,N/A
1315074,"January 17, 2019","New Jersey",Hammonton,"1000 block of Reading Ave",0,0,0,0,1,N/A
1306178,"January 17, 2019",Maryland,Smithsburg,"12035 Itnyre Rd",0,0,0,0,1,N/A
1307791,"January 17, 2019",Maryland,Elkton,"245 Mackall St",0,0,0,0,1,N/A
1304039,"January 17, 2019",Vermont,Newport,"Bayview St",0,0,0,0,1,N/A
1303857,"January 16, 2019",Wisconsin,"Wisconsin Rapids","7800 block of N Circle Dr",0,0,0,0,0,N/A
1349009,"January 16, 2019",Connecticut,Putnam,"School St",0,0,0,0,1,N/A
1303230,"January 15, 2019",Oklahoma,Tulsa,"21st St and Peoria Ave",0,0,0,0,1,N/A
1301616,"January 14, 2019","New York",Rochester,"Farmington Rd",0,0,0,0,1,N/A
1304904,"January 14, 2019","North Carolina",Greenville,"200 block of Pineview Dr",0,0,0,0,0,N/A
1301600,"January 14, 2019",California,Fresno,"4500 block of E Holland Ave",0,0,0,0,3,N/A
1303060,"January 14, 2019",Michigan,"Battle Creek","738 Capital Ave NE",0,0,0,0,2,N/A
1300470,"January 13, 2019","West Virginia",Charleston,"900 block of Matthews Ave",0,0,0,0,2,N/A
1300753,"January 13, 2019",Missouri,Columbia,"200 block of Sarazen Dr",0,1,0,0,1,N/A
1302200,"January 13, 2019",Pennsylvania,Bethlehem,"800 block of Linden St",0,0,0,0,1,N/A
1299160,"January 12, 2019",Alabama,Florence,"7200 block of Lauderdale 189",0,0,0,0,0,N/A
1389993,"January 12, 2019",Maryland,Williamsport,"Camden Rd",0,0,0,0,1,N/A
1299992,"January 11, 2019",Connecticut,Bridgeport,"Elm St and Lafayette Square",0,0,0,0,0,N/A
1298670,"January 11, 2019",Mississippi,Amory,"Reeves Dr",0,0,0,1,0,N/A
1299228,"January 10, 2019",Texas,"San Antonio","5400 block of Painted Horse St",0,0,1,0,1,N/A
1297628,"January 10, 2019","New York","Bay Shore","Atlantic Ave",0,0,0,0,1,N/A
1299266,"January 10, 2019",Delaware,Dover,"35 E Loockerman St",0,0,0,0,2,N/A
1298069,"January 10, 2019",Nevada,"Las Vegas","217 W New York Ave",0,1,0,0,1,N/A
1299178,"January 9, 2019",California,"Mc Farland (Mcfarland)","200 San Lucas St",0,0,0,0,1,N/A
1297244,"January 9, 2019",Pennsylvania,Lancaster,"100 block of Beaver St",0,0,0,0,1,N/A
1297231,"January 8, 2019",Maryland,"Lexington Park","21847 Three Notch Rd",0,0,0,0,2,N/A
1296429,"January 7, 2019",Pennsylvania,"Slippery Rock","1200 block of Copper Rd",0,0,0,0,1,N/A
1299286,"January 7, 2019",Michigan,Hartford,"54th Ave",0,0,0,0,0,N/A
1295750,"January 7, 2019",Ohio,Akron,"Chenoweth Rd",0,0,0,0,0,N/A
1295839,"January 7, 2019","West Virginia",Clarksburg,"White Blossom Dr",0,1,0,0,1,N/A
1294788,"January 6, 2019",California,Stockton,"200 block of W Fifth St",0,0,0,0,1,N/A
1296525,"January 6, 2019",Tennessee,Memphis,N/A,0,0,0,0,1,N/A
1297425,"January 6, 2019",Nebraska,Lincoln,"627 N 66th St",0,0,0,0,0,N/A
1294436,"January 6, 2019",Alaska,Manokotak,N/A,0,0,0,0,1,N/A
1293377,"January 5, 2019",Washington,Edmonds,"300 Admiral Way",1,0,0,1,0,N/A
1293938,"January 5, 2019",Colorado,Collbran,"513 Glenarm Ave",0,1,0,0,1,N/A
1296397,"January 5, 2019",Ohio,Cleveland,"Nelson Ave and E 93rd St",0,0,0,0,3,N/A
1293268,"January 4, 2019",Texas,"San Antonio","2250 block of WW White Rd",1,0,0,0,0,N/A
1292760,"January 4, 2019",Arkansas,"Heber Springs","922 S 9th St",0,0,0,0,0,N/A
1293380,"January 4, 2019",Kansas,Topeka,"SW Moundview Dr and SW 21st St",0,0,0,0,1,N/A
1292475,"January 4, 2019",Nebraska,Gering,"1955 1/2 3rd St",1,0,0,0,1,N/A
1293011,"January 4, 2019",California,"Riverside (Jurupa Valley)","Smith Ave and 65th St",0,1,0,0,2,N/A
1292511,"January 3, 2019",Florida,"Fort Walton Beach","Kettering Ct",0,0,0,0,2,N/A
1293186,"January 2, 2019",Indiana,Milford,"4569 W 1000 N",0,0,0,0,1,N/A
1290306,"January 1, 2019",Minnesota,"Saint Paul (White Bear Lake)","5400 block of Centerville Rd",0,1,0,1,0,N/A
1373725,"January 1, 2019",Florida,"Fort Walton Beach","1600 block of Campbell Dr",0,0,0,0,1,N/A
1293020,"January 1, 2019",Oregon,"Malheur (county)",N/A,1,0,0,0,0,N/A
1291021,"January 1, 2019",Ohio,Toledo,"1100 block of Eastgate Rd",0,0,0,0,3,N/A
1290779,"January 1, 2019",Louisiana,Kenner,"3100 block of Bainbridge St",0,0,0,0,2,N/A
1291074,"January 1, 2019",Georgia,Crawfordville,"Sparta Rd SE and Carters Ford Rd SE",0,1,0,1,0,N/A
