Incident ID,Incident Date,State,City Or County,Address,# Killed,# Injured,Operations
1338171,1-Mar-19,California,Salinas,1000 block of E Laurel Dr,1,0,N/A
1338387,1-Mar-19,Tennessee,Hendersonville,100 block of Volunteer Dr,0,0,N/A
1338077,1-Mar-19,Kentucky,Paducah,Mayfield Rd and S 21st St,0,0,N/A
1338240,1-Mar-19,Kentucky,Louisville,4300 block of Stoltz Ct,1,0,N/A
1337849,1-Mar-19,Tennessee,Nashville,111 Oldham St,1,0,N/A
1338534,1-Mar-19,Ohio,Mansfield,1293 Hickory Lane,0,1,N/A
1338050,1-Mar-19,Pennsylvania,Braddock,Hawkins Village,0,0,N/A
1338253,1-Mar-19,Massachusetts,Holyoke,291 Elm St,0,0,N/A
1339730,1-Mar-19,Pennsylvania,Allentown,700 block of Birch St,0,1,N/A
1338019,1-Mar-19,Pennsylvania,Monessen,Summit Ave,0,0,N/A
1338494,1-Mar-19,Maryland,Odenton,400 block of Holiday St,0,0,N/A
1342987,1-Mar-19,Georgia,Atlanta,6000 N Terminal Pkwy,0,0,N/A
1338399,1-Mar-19,Maryland,Owings Mills,10000 block of Dolfield Rd,0,0,N/A
1340484,1-Mar-19,Arkansas,Hot Springs National Park (Hot Springs),3630 Central Ave,0,0,N/A
1339612,1-Mar-19,Ohio,Youngstown,W Boston Ave and Idlewood Ave,0,0,N/A
1339588,1-Mar-19,Ohio,Toledo,30 block of W Central Ave,0,0,N/A
1338579,1-Mar-19,Michigan,Saginaw,2725 Weiss St,1,0,N/A
1343239,1-Mar-19,Iowa,Cedar Rapids,300 block of 15th St SE,0,0,N/A
1338999,1-Mar-19,Missouri,Harrisburg,12000 block of Bethlehem Rd,0,0,N/A
1353113,1-Mar-19,Oklahoma,Oklahoma City,901 SE 67th St,0,1,N/A
1338221,1-Mar-19,Nevada,Reno,1855 Selmi Dr,0,1,N/A
1338632,1-Mar-19,Arkansas,Alma,1400 block of Sunnyside Rd,1,0,N/A
1338463,1-Mar-19,Ohio,Canton,1222 Whipple Ave NW,0,1,N/A
1376597,1-Mar-19,Illinois,Chicago,S Indiana Ave & E 49th St,0,0,N/A
1338700,1-Mar-19,Minnesota,Wyoming,I-35,0,0,N/A
1361952,1-Mar-19,Delaware,Milton,28000 block of Carpenter Rd,0,0,N/A
1338213,1-Mar-19,Maryland,Annapolis,1411 Cedar Park Rd,0,0,N/A
1340746,1-Mar-19,Massachusetts,Fitchburg,20 Wilson St,0,0,N/A
1338695,1-Mar-19,Ohio,Dayton,1200 block of Huffman Ave,0,1,N/A
1337932,28-Feb-19,West Virginia,Grafton,Knottsville Rd,0,0,N/A
1337125,28-Feb-19,Tennessee,Clarksville,800 block of Biglen Rd,0,0,N/A
1338618,28-Feb-19,Georgia,Albany,2600 Partidge Dr,0,0,N/A
1338084,28-Feb-19,Nebraska,Omaha,Veterans Dr and N 204th St,0,0,N/A
1338245,28-Feb-19,Massachusetts,Fitchburg,Main St and Prichard St,0,0,N/A
1337961,28-Feb-19,Michigan,Pontiac,900 Block of Dewey St,0,0,N/A
1337951,28-Feb-19,Michigan,Battle Creek,900 block of W Goguac St,0,0,N/A
1342948,28-Feb-19,Georgia,Macon,Mumford Rd,0,0,N/A
1337084,28-Feb-19,Indiana,Marion,903 Park Dr,0,1,N/A
1337644,28-Feb-19,Maryland,Baltimore,N/A,0,0,N/A
1337230,28-Feb-19,Kentucky,Louisville,9707 El Prado St,1,0,N/A
1337129,28-Feb-19,Indiana,Fort Wayne,3205 Queen St,0,0,N/A
1337779,28-Feb-19,Florida,Pompano Beach,I-95 and Atlantic Blvd,0,0,N/A
1338207,28-Feb-19,California,Merced,W Sandy Mush Rd and CA 59,0,0,N/A
1341593,28-Feb-19,Pennsylvania,York,100 block of S Queen St,0,0,N/A
1337477,28-Feb-19,Colorado,Lone Tree,8455 Park Meadows Center Dr,1,0,N/A
1339991,28-Feb-19,Illinois,Kankakee,500 block of S Schuyler Ave,0,0,N/A
1337948,28-Feb-19,Texas,Lubbock,706 78th St,1,0,N/A
1395484,28-Feb-19,Missouri,Diamond,Birch Dr,0,1,N/A
1337522,28-Feb-19,Vermont,Brattleboro,33 Oak St,0,0,N/A
1339924,28-Feb-19,New York,Johnson City,Grand Ave,0,0,N/A
1338680,28-Feb-19,Missouri,Independence,1109 S Arlington Ave,0,0,N/A
1337276,27-Feb-19,Minnesota,Saint Cloud,23rd Ave and 5th St N,0,0,N/A
1338532,27-Feb-19,Massachusetts,Boston,130 Heath St,0,0,N/A
1337989,27-Feb-19,Texas,Harlingen (Primera),Primera Rd and Hand Rd,0,0,N/A
1337017,27-Feb-19,Indiana,Indianapolis,6241 E Washington St,1,0,N/A
1341719,27-Feb-19,Ohio,Youngstown,Knollwood Ave,0,0,N/A
1517792,27-Feb-19,Tennessee,Bulls Gap,N/A,0,0,N/A
1338101,27-Feb-19,Virginia,Manassas,8386 Sudley Rd,0,0,N/A
1337861,27-Feb-19,New Jersey,Paterson,356 Hamilton Ave,0,0,N/A
1337106,27-Feb-19,Indiana,Fort Wayne,747 Â½ West Dewald St,0,0,N/A
1337030,27-Feb-19,Florida,Deltona,712 Charing Pl,0,0,N/A
1338355,27-Feb-19,North Carolina,Jacksonville,Sheffield Rd,0,0,N/A
1337798,27-Feb-19,Florida,Yulee,Claxton Rd,0,0,N/A
1336936,27-Feb-19,Pennsylvania,Lebanon,1036 Orchard Ave,1,0,N/A
1340376,27-Feb-19,Georgia,Winterville,300 block of Cherokee Rd,0,0,N/A
1336826,27-Feb-19,Illinois,Saint Charles,3N600 block of Bittersweet Rd,1,0,N/A
1338733,27-Feb-19,Texas,Beaumont,5800 block of Picadilly Ln,1,0,N/A
1338319,27-Feb-19,Florida,Jacksonville,E 21st St and Phoenix Ave,0,0,N/A
1337517,27-Feb-19,New Hampshire,Lebanon,45 Airport Rd,0,0,N/A
1337796,27-Feb-19,Florida,Jacksonville,10913 Pine Estates Rd E,0,0,N/A
1336189,27-Feb-19,Florida,West Palm Beach,7305 N Military Trl,0,2,N/A
1337672,27-Feb-19,Indiana,Indianapolis,2900 block of N Olney St,0,0,N/A
1338067,27-Feb-19,Louisiana,Lafayette,N/A,0,0,N/A
1337619,27-Feb-19,District of Columbia,Washington,900 block of Eastern Ave NE,0,0,N/A
1342805,27-Feb-19,New York,Ulster,10 Kiefer La,0,0,N/A
1336768,27-Feb-19,Ohio,Twinsburg,10084 Ravenna Rd,0,0,N/A
1341448,27-Feb-19,Massachusetts,Chicopee,563 Springfield St,0,0,N/A
1336727,27-Feb-19,Massachusetts,Springfield,155 Bay St,0,0,N/A
1336633,27-Feb-19,Massachusetts,Boston,Babson St and Mildred Ave,0,0,N/A
1336611,27-Feb-19,Arkansas,Fayetteville,1750 W Bedford Loop,0,1,N/A
1336163,27-Feb-19,Texas,Austin,1901 E Anderson Ln,0,1,N/A
1336516,26-Feb-19,Alabama,Auburn,500 block of Foster St,0,0,N/A
1336093,26-Feb-19,Florida,Ormond Beach,646 Hand Ave,0,0,N/A
1342694,26-Feb-19,Missouri,Fenton,Old Sugar Creek Rd,0,0,N/A
1335259,26-Feb-19,Alabama,Montgomery,225 Ann St,0,1,N/A
1337305,26-Feb-19,Louisiana,Eunice,200 block of Chataignier St,0,0,N/A
1336428,26-Feb-19,Wisconsin,La Crosse,1623 Johnson St,0,0,N/A
1337282,26-Feb-19,New York,Ogdensburg,608 Jersey Ave,0,0,N/A
1336388,26-Feb-19,Louisiana,Rayne,700 block of Rimmer Ave,0,0,N/A
1336378,26-Feb-19,Louisiana,New Orleans,6101 Chatham Dr,0,0,N/A
1336353,26-Feb-19,Tennessee,Johnson City,N Roan St,0,0,N/A
1336336,26-Feb-19,Virginia,Norfolk,1425 W 49th St,0,0,N/A
1335557,26-Feb-19,Kentucky,Elizabethtown,421 W Poplar St,0,1,N/A
1336334,26-Feb-19,South Carolina,Orangeburg,Belleville Rd,0,0,N/A
1336318,26-Feb-19,South Carolina,Myrtle Beach,520 N Ocean Blvd,0,0,N/A
1337194,26-Feb-19,New York,Buffalo,Hewitt Ave,0,0,N/A
1335594,26-Feb-19,South Carolina,Huger,Waterfowl Ln,1,0,N/A
1337914,26-Feb-19,Illinois,Freeport,S State Ave and E Winneshiek St,0,0,N/A
1336129,26-Feb-19,Florida,Tallahassee,522 Silver Slipper Ln,0,0,N/A
1335366,26-Feb-19,Florida,Cape Coral,Diplomat Pkwy,0,0,N/A
1337094,26-Feb-19,Florida,Fort Walton Beach,Racetrack Rd,0,0,N/A
1335349,26-Feb-19,New York,Rose,N/A,0,0,N/A
1336042,26-Feb-19,California,San Diego,6358 Budlong Lake Ave,2,0,N/A
1339411,26-Feb-19,Pennsylvania,Carlisle,W Trindle Rd,0,0,N/A
1335527,26-Feb-19,Maryland,Brooklyn (Brooklyn Park),Chatham Rd and W 11th Ave,0,0,N/A
1336580,26-Feb-19,Washington,Kennewick,100 block of E Second Ave,0,0,N/A
1336740,26-Feb-19,Texas,Abilene,2400 block of Glendale Dr,0,0,N/A
1337515,26-Feb-19,Georgia,Macon,1321 Allen Rd,0,0,N/A
1336626,26-Feb-19,Oregon,Reedsport,Hawthorne Ave,0,1,N/A
1337449,26-Feb-19,California,Victorville,14045 Topaz Rd,0,0,N/A
1337413,25-Feb-19,Missouri,Jefferson City,300 block of W Ashley St,0,0,N/A
1341966,25-Feb-19,Connecticut,Waterbury,200 Buckingham St,0,0,N/A
1338044,25-Feb-19,Louisiana,New Orleans,300 block of Bourbon St,0,0,N/A
1339522,25-Feb-19,Indiana,Hebron,200 W Co Rd 700 S,1,1,N/A
1335646,25-Feb-19,Missouri,Saint Louis (Maplewood),7400 block of Commonwealth Ave,0,0,N/A
1334955,25-Feb-19,Georgia,Macon,Greenbriar Rd,0,0,N/A
1335537,25-Feb-19,Illinois,Rockford,1316 Sherman Ave,0,0,N/A
1335487,25-Feb-19,Massachusetts,Worcester,Chilmark St,0,0,N/A
1575748,25-Feb-19,New York,Buffalo,East Woodlawn Avenue and Moselle Street,0,0,N/A
1335471,25-Feb-19,Virginia,Locust Grove,7000 block of Embrey Dr,0,1,N/A
1335772,25-Feb-19,Massachusetts,Littleton,Green Needles Rd,0,0,N/A
1335670,25-Feb-19,Indiana,Fort Wayne,7001 Coldwater Rd,0,0,N/A
1373924,25-Feb-19,Pennsylvania,Mount Morris,Mt Morris Rd,0,0,N/A
1336916,25-Feb-19,New Jersey,Burlington (Burlington Township),Salem Rd and Campus Dr,0,0,N/A
1340033,25-Feb-19,Illinois,Kankakee,600 block of W Station St,0,0,N/A
1342127,25-Feb-19,Georgia,Athens,Epps Bridge Pkwy,0,0,N/A
1335937,25-Feb-19,New York,Brooklyn,Atlantic Ave,0,0,N/A
1337546,25-Feb-19,Texas,Houston,300 block of York St,0,0,N/A
1335610,25-Feb-19,Colorado,Denver,1200 block of Galapago St,1,0,N/A
1336689,25-Feb-19,Massachusetts,Cambridge,1493 Cambridge St,0,0,N/A
1337452,25-Feb-19,Texas,Denton,800 block of W Eagle Dr,0,0,N/A
1334664,24-Feb-19,Connecticut,Waterbury,W Main St,0,0,N/A
1334174,24-Feb-19,South Carolina,Simpsonville,N/A,0,0,N/A
1341170,24-Feb-19,Alabama,Gadsden,3200 block of Forrest Ave,0,0,N/A
1334916,24-Feb-19,Connecticut,Stamford,Finney Ln,0,0,N/A
1334329,24-Feb-19,Massachusetts,West Springfield,80 Ohio Ave,0,0,N/A
1334735,24-Feb-19,Virginia,Roanoke,2607 Cove Rd NW,1,0,N/A
1344143,24-Feb-19,Kentucky,Paducah,2409 Clarks River Rd,0,0,N/A
1335179,24-Feb-19,Maryland,Glen Burnie,7960 Baltimore Annapolis Blvd,0,0,N/A
1334613,24-Feb-19,Ohio,Cambridge,Madison Ave,0,0,N/A
1336000,24-Feb-19,Pennsylvania,Breinigsville,8400 Industrial Blvd,1,0,N/A
1334678,24-Feb-19,Massachusetts,Dartmouth,N/A,0,1,N/A
1333943,24-Feb-19,Maryland,Baltimore,5600 block of The Alameda,0,0,N/A
1361948,24-Feb-19,Maryland,White Plains,Atlantis Ln,0,0,N/A
1335142,24-Feb-19,Ohio,Akron,100 block of Dawes Ave,0,0,N/A
1348442,24-Feb-19,Tennessee,Chattanooga,1400 block of Cowart St,0,0,N/A
1334391,24-Feb-19,Colorado,Pueblo,1300 block of E 8th St,0,0,N/A
1334358,23-Feb-19,North Carolina,Burlington,N Mebane St and Webb Ave,0,0,N/A
1334404,23-Feb-19,Arizona,Casa Grande,900 block of N Colorado St,1,0,N/A
1347258,23-Feb-19,Connecticut,Waterbury,162 Willow St,0,0,N/A
1334301,23-Feb-19,California,Chico,316 W 2nd St,0,1,N/A
1335012,23-Feb-19,Michigan,Battle Creek,500 block of Surby Ave,0,0,N/A
1335674,23-Feb-19,South Carolina,Rock Hill,Deas St,0,0,N/A
1334042,23-Feb-19,Florida,Port Richey,10300 County Lake Dr,1,0,N/A
1334187,23-Feb-19,South Carolina,Myrtle Beach,3300 block of Ocean Blvd,0,0,N/A
1333522,23-Feb-19,Tennessee,Clarksville,1900 block of Batts Ln,1,0,N/A
1335419,23-Feb-19,Florida,Ocala,244 Marion Oaks Dr,0,0,N/A
1335380,23-Feb-19,Louisiana,New Iberia,Mississippi St and Shot St,0,1,N/A
1334752,23-Feb-19,Ohio,Sandusky,Johnson St and Hayes Ave,0,0,N/A
1335373,23-Feb-19,Florida,Bonita Springs,US 41,0,0,N/A
1335335,23-Feb-19,Ohio,Clyde,W McPherson Hwy,0,0,N/A
1334615,23-Feb-19,Indiana,Lafayette,3637 Braddock Dr,0,1,N/A
1384700,23-Feb-19,Connecticut,Prospect,Waterbury Rd,0,0,N/A
1333941,23-Feb-19,Maryland,Baltimore,200 block of N Smallwood St,0,0,N/A
1335941,23-Feb-19,Delaware,Seaford,20300 block of Wesley Church Rd,0,0,N/A
1333882,23-Feb-19,Michigan,Detroit,7 Mile Rd and Burgess Rd,0,0,N/A
1335396,23-Feb-19,Louisiana,Monroe,1600 block of Booth St,1,0,N/A
1333868,22-Feb-19,Washington,Suquamish,7000 block of NE Tundra Way,1,0,N/A
1332610,22-Feb-19,Ohio,Reynoldsburg,7050 Wind River Dr,0,2,N/A
1333595,22-Feb-19,New York,New York (Manhattan),W 123rd St,0,0,N/A
1333640,22-Feb-19,Florida,Tallahassee,5900 block of Blountstown Hwy,0,0,N/A
1342522,22-Feb-19,Maryland,Eden,Backbone Rd,0,0,N/A
1351303,22-Feb-19,Mississippi,Kosciusko,Aponaug Rd,0,0,N/A
1333456,22-Feb-19,Delaware,Frederica,200 block of Market St,0,0,N/A
1333427,22-Feb-19,District of Columbia,Washington,1300 block of H St NE,0,0,N/A
1334828,22-Feb-19,Kentucky,Glasgow,E Main St,0,0,N/A
1335428,22-Feb-19,Florida,Orlando,900 block of Islander Ave,0,0,N/A
1332760,22-Feb-19,Pennsylvania,Allentown,749 N Krocks Rd,0,0,N/A
1332733,22-Feb-19,Maryland,Baltimore,N/A,0,0,N/A
1334288,22-Feb-19,California,Gardena,1400 block of 146th St,1,0,N/A
1334644,22-Feb-19,Indiana,Crown Point,1500 S Main St,0,0,N/A
1334749,22-Feb-19,Ohio,Fremont,Napleon St and Lynn St,0,0,N/A
1334596,22-Feb-19,Maryland,Baltimore,4400 block of Belair Rd,0,0,N/A
1333175,22-Feb-19,Oklahoma,Oklahoma City,5300 NW 50th St,0,0,N/A
1335161,22-Feb-19,Delaware,Dover,55 Loockerman Plaza,0,0,N/A
1335062,22-Feb-19,Minnesota,Austin,1100 block of 2nd Ave SW,0,0,N/A
1402215,21-Feb-19,Iowa,Dubuque,1600 block of Main Street,0,0,N/A
1333690,21-Feb-19,Florida,Gainesville,3101 NE 15th St,0,0,N/A
1332228,21-Feb-19,Florida,The Villages,716 N US-441,0,0,N/A
1332018,21-Feb-19,Ohio,Elyria,127 Tedman Ct,0,0,N/A
1334026,21-Feb-19,New Jersey,Cliffside Park,Park Ave and Anderson Ave,0,0,N/A
1332158,21-Feb-19,Florida,Port Richey,Hayward Ln,0,0,N/A
1338012,21-Feb-19,Pennsylvania,Chester,1300 block of Martin Luther King Mall,0,0,N/A
1332097,21-Feb-19,Oklahoma,Oklahoma City,NW 63rd St and N Sara Rd,0,0,N/A
1337963,21-Feb-19,Texas,Pearland,2500 block of S Grand Blvd,0,0,N/A
1332586,21-Feb-19,Pennsylvania,Pittsburgh,300 block of Penfort St,0,0,N/A
1333259,21-Feb-19,Oregon,Prineville,3444 SE Umatilla Loop,3,0,N/A
1334034,21-Feb-19,Indiana,Columbus,Second St and Central Ave,0,0,N/A
1332507,21-Feb-19,Kentucky,Elizabethtown,600 N Miles St,2,2,N/A
1467500,21-Feb-19,Kentucky,Frankfort,Landings Dr,0,0,N/A
1332439,21-Feb-19,Wisconsin,Caledonia,I-94 and County Hwy G,0,0,N/A
1332551,21-Feb-19,New Jersey,Newark,403 S Orange Ave,0,0,N/A
1334695,21-Feb-19,Indiana,Terre Haute,Schaal Ave and Rose Ave,0,2,N/A
1332425,21-Feb-19,Texas,Houston,10600 Beechnut St,0,1,N/A
1333303,21-Feb-19,Illinois,Evanston,2400 block of Main St,0,0,N/A
1332340,21-Feb-19,Mississippi,Pass Christian,Edwin Ladner Rd,0,0,N/A
1331707,21-Feb-19,Delaware,Seaford,300 block of N Pine St,0,0,N/A
1340777,21-Feb-19,Ohio,Middletown,3400 block of Vannest Ave,0,0,N/A
1333257,21-Feb-19,Oregon,Beaverton (Aloha),SW Farmington Rd and 192nd Ave,0,0,N/A
1332437,21-Feb-19,Wisconsin,Racine,21st and Memorial,0,0,N/A
1333045,21-Feb-19,Georgia,Hahira,N Church St,0,0,N/A
1332767,21-Feb-19,Pennsylvania,Morrisville,1475 Old Bristol Pk,0,1,N/A
1332990,21-Feb-19,Alabama,Satsuma,100 block of Northgate Dr,1,0,N/A
1333179,21-Feb-19,Mississippi,Brookhaven,614 E Chickasaw St,0,0,N/A
1333148,20-Feb-19,Connecticut,Waterbury,Oak St and Walnut St,0,0,N/A
1333741,20-Feb-19,New York,Liverpool,816 Oswego St,0,0,N/A
1332200,20-Feb-19,Connecticut,Bridgeport,Central Ave,0,0,N/A
1333680,20-Feb-19,New York,East Islip,E Main St,0,0,N/A
1332073,20-Feb-19,Colorado,Denver,6900 E Evans Ave,1,1,N/A
1332100,20-Feb-19,Kentucky,Mayfield,Central Ave,0,0,N/A
1336274,20-Feb-19,Iowa,Des Moines,1300 block of E Madison Ave,0,0,N/A
1331052,20-Feb-19,Kentucky,Louisville,602 Prairie Dr,0,1,N/A
1337956,20-Feb-19,Illinois,Rockford,6400 block of Newburg Road,0,0,N/A
1331601,20-Feb-19,Massachusetts,Dartmouth,Gibson Terrace,0,0,N/A
1571874,20-Feb-19,Kentucky,Louisville,1130 W Chestnut St,0,0,N/A
1331044,20-Feb-19,Louisiana,Morgan City,Dale St,0,0,N/A
1332181,20-Feb-19,Tennessee,Covington,529 N College St,0,4,N/A
1331660,20-Feb-19,Tennessee,Chattanooga,640 Morrison Springs Rd,0,0,N/A
1331639,20-Feb-19,Connecticut,Putnam,155 Church St,0,0,N/A
1331622,20-Feb-19,Nevada,North Las Vegas,3200 W Alexander Rd,0,0,N/A
1332909,20-Feb-19,Iowa,Des Moines,4301 College Ave,0,0,N/A
1340619,19-Feb-19,Washington,Spokane (Spokane Valley),12200 block of E Sprague Ave,0,0,N/A
1331312,19-Feb-19,Arkansas,Fort Smith,Mussett Rd and Newlon Rd,0,1,N/A
1331363,19-Feb-19,Tennessee,Memphis,Madison Ave,0,1,N/A
1454958,19-Feb-19,Kansas,Wichita,2100 block of N Woodrow St,0,0,N/A
1331327,19-Feb-19,Ohio,Cleveland,E 137th St and Livingston Rd,0,0,N/A
1331316,19-Feb-19,Texas,San Antonio,7600 block of Braes Stage,0,1,N/A
1330678,19-Feb-19,Arkansas,Fort Smith,500 block of N 40th St,0,0,N/A
1331298,19-Feb-19,Mississippi,Horn Lake,4028 Goodman Rd W,1,0,N/A
1331276,19-Feb-19,Alabama,Mobile (Chickasaw),510 N Craft Hwy,0,0,N/A
1331642,19-Feb-19,Connecticut,Waterbury,Easton Ave,0,0,N/A
1330581,19-Feb-19,Alabama,Albertville,Phillipson Dr,0,0,N/A
1330530,19-Feb-19,North Carolina,Charlotte,8900 Park Rd,0,0,N/A
1330470,19-Feb-19,South Carolina,North Charleston,4920 Centre Pointe Dr,0,0,N/A
1331029,19-Feb-19,Louisiana,Shreveport,904 Bartlett Dr,0,1,N/A
1332680,19-Feb-19,Colorado,Pueblo,Lake Ave,0,0,N/A
1332626,19-Feb-19,Ohio,Dayton,N Upland Ave,0,0,N/A
1330989,19-Feb-19,Pennsylvania,Lancaster,800 block of E Chestnut St,0,1,N/A
1331456,19-Feb-19,Minnesota,Saint Paul (Maplewood),1700 block of Larpenteur Ave E,0,1,N/A
1330491,19-Feb-19,South Carolina,North Charleston,Garrett Ave,0,1,N/A
1332492,19-Feb-19,Maryland,Hagerstown,600 block of George St,0,0,N/A
1331653,19-Feb-19,Texas,Mesquite,3300 Poteet Dr,0,0,N/A
1331599,19-Feb-19,New Hampshire,Manchester,347 Second St,0,0,N/A
1331046,19-Feb-19,Louisiana,Marrero,429 Ames Blvd,0,0,N/A
1330799,19-Feb-19,Ohio,Steubenville,420 N 4th St,0,0,N/A
1330539,18-Feb-19,New York,Greene,45 Genesee Street,0,0,N/A
1329834,18-Feb-19,Ohio,Franklin,952 Franklin Commons Dr,0,1,N/A
1331341,18-Feb-19,Arkansas,Hot Springs National Park (Hot Springs),620 Meeks Loop,0,0,N/A
1331340,18-Feb-19,Arkansas,Hot Springs National Park (Hot Springs),105 Portia Terrace,0,0,N/A
1330868,18-Feb-19,Texas,Houston,1401 Redford St,1,0,N/A
1329892,18-Feb-19,Pennsylvania,Wilkes Barre,56 Lockhart St,0,0,N/A
1329473,18-Feb-19,Kentucky,Hopkinsville,North Dr and Sanderson Dr,0,1,N/A
1330550,18-Feb-19,North Carolina,Bayboro,1402 Lynchs Beach Loop Rd,0,0,N/A
1329567,18-Feb-19,Texas,Sugar Land,1215 Pendergrass Trail,2,0,N/A
1337892,18-Feb-19,Pennsylvania,Johnstown,1753 Lyter Dr,0,0,N/A
1330011,18-Feb-19,Florida,Boca Raton,22000 block of 57th Cir,2,0,N/A
1329655,18-Feb-19,Texas,Round Rock,650 Louis Henna Blvd,1,1,N/A
1330307,18-Feb-19,Ohio,Akron,Newton St,0,0,N/A
1330285,18-Feb-19,Florida,Cape Coral,2033 NW 4th St,0,0,N/A
1330334,18-Feb-19,Florida,Ocala,Baseline Rd and SE Maricamp Rd,0,0,N/A
1329476,18-Feb-19,Florida,Miami,NW 3rd Ave and NW 14th St,1,0,N/A
1342097,18-Feb-19,South Carolina,Myrtle Beach,4300 block of Appaloosa Dr,0,0,N/A
1329550,18-Feb-19,District of Columbia,Washington,1600 block of Lincoln Rd NE,0,0,N/A
1330344,18-Feb-19,Pennsylvania,Lewisberry,738 W Front St,0,0,N/A
1330210,18-Feb-19,Illinois,Chicago,1000 block of S Desplaines St,1,0,N/A
1330139,18-Feb-19,Texas,Grand Prairie,2500 block of E Main St,0,0,N/A
1330089,18-Feb-19,New Hampshire,Manchester,698 Auburn St,0,0,N/A
1329238,17-Feb-19,Tennessee,Tazewell,Lone Mountain Rd and Leffew Ln,1,0,N/A
1330681,17-Feb-19,New Jersey,Trenton,Stuyvesant Ave,0,0,N/A
1330658,17-Feb-19,Arkansas,Hot Springs National Park (Hot Springs),3910 Central Ave,0,1,N/A
1329820,17-Feb-19,North Carolina,Asheville,Lexington Ave,0,0,N/A
1330578,17-Feb-19,Tennessee,Johnson City,Tweetsie Trail,0,0,N/A
1329735,17-Feb-19,Alabama,Gadsden,1100 block of West Meighan Blvd,0,0,N/A
1329663,17-Feb-19,North Carolina,High Point,1804 Franklin Ave,0,0,N/A
1329084,17-Feb-19,Louisiana,New Orleans,Freret St and Martin Luther King Jr,1,2,N/A
1328792,17-Feb-19,Indiana,Evansville,664 E Illinois St,0,5,N/A
1328790,17-Feb-19,Florida,Oak Hill,100 block of E Church St,1,0,N/A
1329607,17-Feb-19,Connecticut,Hartford,186 Westland St,0,0,N/A
1329082,17-Feb-19,Louisiana,Kenner,800 block of Champagne St,0,1,N/A
1329263,17-Feb-19,Missouri,Saint Louis,1405 Dunn Rd,1,1,N/A
1329444,17-Feb-19,New Jersey,Newark,Alexander St and Lindsley Ave,0,0,N/A
1330813,17-Feb-19,Oregon,Bend,SE Brentwood Ave,0,0,N/A
1328634,16-Feb-19,Louisiana,Kenner,1820 Airline Dr,1,0,N/A
1329056,16-Feb-19,Kansas,Topeka,1200 block of SE 37th St,0,0,N/A
1328616,16-Feb-19,Pennsylvania,Allentown,N Hazel St and Russell St,1,1,N/A
1328623,16-Feb-19,Kansas,Topeka,NE Branner St and NE Greeley St,0,0,N/A
1329800,16-Feb-19,Iowa,Waterloo,216 Brookeridge Dr,0,0,N/A
1329200,16-Feb-19,Kentucky,Bowling Green,3200 Ken Bale Blvd,0,0,N/A
1330476,16-Feb-19,South Carolina,North Charleston,3680 Dorchester Ave,0,0,N/A
1328673,16-Feb-19,Pennsylvania,Allentown,500 block of N Penn St,0,1,N/A
1330917,16-Feb-19,Maryland,Lexington Park,Hermanville Rd and Three Notch Rd,0,0,N/A
1329512,16-Feb-19,Delaware,Felton,11 S Lombard St,0,0,N/A
1329067,16-Feb-19,Delaware,Lewes,32000 block of Spruce Ct,0,0,N/A
1329054,16-Feb-19,Delaware,Ocean View,50 block of Dorothy Cir,0,0,N/A
1358108,16-Feb-19,Illinois,Decatur,1000 block of N College St,0,0,N/A
1328723,16-Feb-19,Connecticut,Hartford,10 Belden St,0,0,N/A
1328680,16-Feb-19,Massachusetts,Boston,Humboldt Ave and Waumbeck St,0,0,N/A
1335871,16-Feb-19,South Dakota,Rapid City,N/A,0,0,N/A
1331562,16-Feb-19,Maine,Ellsworth,259 High St,0,0,N/A
1330091,16-Feb-19,Massachusetts,Brockton,94 Belmont Ave,0,0,N/A
1328027,15-Feb-19,South Carolina,Rock Hill,Rose St,0,0,N/A
1331356,15-Feb-19,South Carolina,Rock Hill,Old York Rd,0,0,N/A
1327816,15-Feb-19,Alabama,Dothan,Harper Joy Rd,0,0,N/A
1329771,15-Feb-19,New Jersey,Paterson,160 12th Ave,0,0,N/A
1329810,15-Feb-19,New Jersey,Atlantic City,Tennessee Ave and Atlantic Ave,0,0,N/A
1407732,15-Feb-19,Virginia,Norfolk,N/A,0,0,N/A
1327321,15-Feb-19,Illinois,Aurora,641 Archer Ave,6,6,N/A
1331705,15-Feb-19,Maryland,Silver Spring,N/A,0,0,N/A
1327559,15-Feb-19,Ohio,Rockford,218 W Market St,0,0,N/A
1327372,15-Feb-19,New Jersey,Atlantic City,Born Terrace,0,0,N/A
1328598,15-Feb-19,California,Bakersfield,Cottonwood Rd and Padre St,0,0,N/A
1336952,15-Feb-19,Pennsylvania,Chester,1000 block of Ward St,0,0,N/A
1331951,15-Feb-19,New Jersey,Wharton,I-80,0,0,N/A
1330984,15-Feb-19,Pennsylvania,Canonsburg,20 Van Eman St,0,0,N/A
1328345,15-Feb-19,Florida,Lakeland,3609 Century Blvd,1,1,N/A
1361950,15-Feb-19,Maryland,La Plata,Potomac St and Kent Ave,0,0,N/A
1329422,15-Feb-19,Illinois,Melrose Park,10400 block of Lyndale Ave,0,0,N/A
1328689,15-Feb-19,Massachusetts,Boston,8 Kenwood St,0,0,N/A
1327846,15-Feb-19,Louisiana,Shreveport,4715 Hilry Huckaby III Ave,1,0,N/A
1330827,15-Feb-19,Connecticut,New Haven,Grafton St,0,0,N/A
1331483,15-Feb-19,Oregon,Keizer,3725 Pleasant View Dr NE,0,0,N/A
1328553,15-Feb-19,New York,Brooklyn,70 Lorraine St,0,0,N/A
1424891,14-Feb-19,Virginia,Richmond,701 E Broad St,0,0,N/A
1328946,14-Feb-19,Florida,Deerfield Beach,1950 W Hillsboro Blvd,0,0,N/A
1326923,14-Feb-19,Ohio,Columbus,919 Northcliff Dr,0,0,N/A
1328022,14-Feb-19,North Carolina,Monroe,5300 block of Willow Run Dr,0,0,N/A
1341615,14-Feb-19,Kansas,Wichita,800 block of N Chautauqua St,0,0,N/A
1326931,14-Feb-19,New York,Brooklyn,N/A,0,0,N/A
1327989,14-Feb-19,Maryland,Salisbury,613 Light St,0,0,N/A
1326913,14-Feb-19,Ohio,Mansfield,1650 University Dr,0,0,N/A
1327905,14-Feb-19,New Jersey,Newark,804 S 12th St,0,0,N/A
1331351,14-Feb-19,Ohio,Fremont,900 block of Quail Dr,0,0,N/A
1326871,14-Feb-19,Kansas,Topeka,3802 S Topeka Blvd,0,0,N/A
1328325,14-Feb-19,New York,Goshen,167 Main St,0,0,N/A
1327383,14-Feb-19,Virginia,Nellysford,800 block of Rodes Valley Dr,1,1,N/A
1327851,14-Feb-19,South Carolina,West Columbia,3833 Leaphart Rd,0,0,N/A
1328062,14-Feb-19,Arkansas,Jacksonville,1530  W Main St,1,0,N/A
1327752,14-Feb-19,Texas,Odessa,1500 block of Wedgewood Ave,0,0,N/A
1328402,14-Feb-19,Indiana,New Albany,757 Linden Dr,0,0,N/A
1328888,14-Feb-19,Pennsylvania,Philadelphia,N/A,0,0,N/A
1328352,14-Feb-19,Indiana,Fort Wayne,5103 Stonehedge Blvd,0,0,N/A
1330898,14-Feb-19,Delaware,Wilmington,2nd St and Van Buren St,0,0,N/A
1368414,14-Feb-19,Maryland,Pocomoke City,9th St,0,0,N/A
1328695,14-Feb-19,Massachusetts,Brockton,Woodard Ave,0,0,N/A
1327110,14-Feb-19,Connecticut,Bridgeport,40 block of Freeman St,0,0,N/A
1327095,14-Feb-19,Connecticut,Bridgeport,100 block of Alexander Dr,0,0,N/A
1329370,14-Feb-19,Utah,Altamont,200 W High School,0,0,N/A
1328630,14-Feb-19,Alaska,Anchorage,1400 E Northern Lights Blvd,0,0,N/A
1327072,14-Feb-19,Massachusetts,Fitchburg,Benson St,0,0,N/A
1328157,14-Feb-19,Mississippi,Natchez,W Stiers Ln,0,0,N/A
1328156,14-Feb-19,Mississippi,Tupelo,State Park Rd,0,0,N/A
1328386,14-Feb-19,South Carolina,Summerville,Tillman Branch Rd,0,0,N/A
1328281,14-Feb-19,New York,Poughkeepsie,159 Franklin St,0,0,N/A
1326785,13-Feb-19,Massachusetts,Milton,Blue Hills Pkwy and Audubon Rd,0,0,N/A
1326188,13-Feb-19,Tennessee,Corryton,5320 Shipe Rd,0,0,N/A
1326987,13-Feb-19,Nebraska,Lincoln,S 9th St and Washington St,0,0,N/A
1327086,13-Feb-19,Massachusetts,Randolph,2 Chestnut W,0,0,N/A
1326142,13-Feb-19,Alabama,Madison,N/A,0,0,N/A
1326878,13-Feb-19,Tennessee,Nashville,14th Ave N and Broadway,0,0,N/A
1329939,13-Feb-19,Minnesota,Austin,600 block of Seventh St NE,0,0,N/A
1327882,13-Feb-19,Kentucky,Glasgow,S Green St,0,0,N/A
1325922,13-Feb-19,Florida,Boca Raton,1000 block of S Ocean Blvd,0,0,N/A
1325833,13-Feb-19,Tennessee,Kingsport (Colonial Heights),150 Clinic Dr,1,1,N/A
1326787,13-Feb-19,Massachusetts,Brockton,98 Bartlett St,0,0,N/A
1325878,13-Feb-19,New Jersey,Trenton,100 block of S Cook Ave,0,0,N/A
1325867,13-Feb-19,Delaware,Dover,200 block of S Governors Blvd,0,0,N/A
1330947,13-Feb-19,Illinois,Elgin,N/A,0,0,N/A
1326745,13-Feb-19,Kentucky,Lexington,3650 Tates Creek Rd,0,0,N/A
1326731,13-Feb-19,Georgia,Evans,925 Hunting Horn Way W,0,0,N/A
1326660,13-Feb-19,Maryland,Pasadena,Fort Smallwood Rd,0,0,N/A
1327464,13-Feb-19,Pennsylvania,Upper Darby,1800 block of S State Rd,0,0,N/A
1326525,13-Feb-19,New Jersey,Atlantic City,2300 block of Arctic Ave,0,0,N/A
1327249,13-Feb-19,Florida,West Palm Beach,700 block of Evernia St,0,0,N/A
1326599,13-Feb-19,Ohio,Columbus,1779 E Maynard Ave,0,0,N/A
1326775,13-Feb-19,Maryland,Newburg,US 301,0,0,N/A
1330848,13-Feb-19,Texas,Killeen,N/A,0,0,N/A
1327076,13-Feb-19,Massachusetts,Boston,Truman Pkwy and Dana Ave,0,0,N/A
1327074,13-Feb-19,Massachusetts,New Bedford,46 Scott St,0,0,N/A
1338200,13-Feb-19,Pennsylvania,York,249 E Princess St,0,0,N/A
1326211,12-Feb-19,Connecticut,Trumbull,100 Oakview Dr,0,0,N/A
1326147,12-Feb-19,Massachusetts,Boston,181 N Washington St,0,0,N/A
1326905,12-Feb-19,Tennessee,Nashville,4000 block of Indiana Ave,0,0,N/A
1325997,12-Feb-19,Virginia,Bealeton,7500 block of Hancock St,0,1,N/A
1325493,12-Feb-19,Alabama,Dothan,Westgate Pkwy and Briarcliff Rd,0,0,N/A
1325990,12-Feb-19,Ohio,West Salem,300 block of S Main St,0,0,N/A
1325978,12-Feb-19,Florida,Hialeah,2200 E 4th Ave,0,1,N/A
1328475,12-Feb-19,Illinois,Belleville (Swansea),2801 N Illinois St,0,0,N/A
1332086,12-Feb-19,Kentucky,Louisville,3400 block of Illinois Ave,0,0,N/A
1327745,12-Feb-19,Texas,Evadale,Co Rd 868,1,0,N/A
1326387,12-Feb-19,North Carolina,Charlotte,Bluff Wood Cove,0,0,N/A
1326715,12-Feb-19,Georgia,Commerce,5800 block of GA-82 Connector,0,0,N/A
1327587,12-Feb-19,Iowa,Burlington,600 block of Cedar St,0,0,N/A
1325211,12-Feb-19,West Virginia,Buckhannon,59 College Ave,0,0,N/A
1325205,12-Feb-19,Kansas,Lawrence,1901 Louisiana St,0,0,N/A
1325201,12-Feb-19,West Virginia,Charleston,McQueen St and Stuart St,0,0,N/A
1338366,12-Feb-19,North Carolina,Old Fort,Cimarron Dr,0,0,N/A
1325909,12-Feb-19,Georgia,Atlanta,3315 Osborne Rd NE,0,0,N/A
1326520,12-Feb-19,New Jersey,Edgewater,100 Alexander Way,0,0,N/A
1325619,12-Feb-19,Missouri,Saint Louis (Clayton),Clayton Rd and Bellevue Ave,0,0,N/A
1325722,12-Feb-19,Pennsylvania,Havertown,Glen Gary Dr and Rose Tree Ln,0,1,N/A
1326433,12-Feb-19,Alaska,Fairbanks,Elliott Hwy,1,0,N/A
1325713,12-Feb-19,Massachusetts,Reading,183 Woburn St,0,0,N/A
1325747,12-Feb-19,Delaware,Rehoboth Beach,36179 Palace Ln,0,0,N/A
1520395,12-Feb-19,District of Columbia,Washington,500 block of H St NE,0,0,N/A
1325717,12-Feb-19,New Jersey,Trenton,1300 block of Edgewood Ave,0,0,N/A
1355850,12-Feb-19,Oklahoma,Oklahoma City,3000 block of S Madole Blvd,1,0,N/A
1327122,12-Feb-19,Rhode Island,Providence,1020 Narragansett Blvd,0,0,N/A
1328209,12-Feb-19,New Mexico,Las Cruces,N/A,0,1,N/A
1327043,12-Feb-19,Missouri,Springfield,E Portland St,0,0,N/A
1325516,11-Feb-19,California,Seal Beach,Seal Beach Blvd and Westminster Ave,0,0,N/A
1325495,11-Feb-19,New York,Buffalo,Grider St and Colfax Ave,0,0,N/A
1324294,11-Feb-19,Kentucky,Crestwood,I-71,2,0,N/A
1324218,11-Feb-19,Tennessee,Memphis,1514 N Bellevue Blvd,0,1,N/A
1326502,11-Feb-19,Florida,Ormond Beach,Northbrook Ln,0,1,N/A
1325440,11-Feb-19,South Carolina,Belton,Skyland Dr,0,1,N/A
1325914,11-Feb-19,Pennsylvania,Altoona,5580 Goods Ln,0,0,N/A
1325896,11-Feb-19,Iowa,Waterloo,927 Wisner Rd,0,0,N/A
1325384,11-Feb-19,Massachusetts,Pittsfield,Tyler St and Grove St,0,0,N/A
1324198,11-Feb-19,Tennessee,Lenoir City,165 Lee Hi St,1,0,N/A
1325150,11-Feb-19,Ohio,Akron,100 block of Basin Terrace,0,0,N/A
1324241,11-Feb-19,Ohio,Cleveland,E 40th St and Quincy Ave,0,1,N/A
1331714,11-Feb-19,New York,Schenectady,Carrie St,0,0,N/A
1326458,11-Feb-19,New York,Syracuse,2002 E Fayette St,0,0,N/A
1325674,11-Feb-19,Connecticut,Waterbury,Berkeley Ave,0,0,N/A
1324913,11-Feb-19,California,Redding,Arizona St and Churn Creek Rd,1,0,N/A
1325650,11-Feb-19,Tennessee,Memphis,3200 block of Highland Park Place,0,0,N/A
1326537,11-Feb-19,Illinois,Plainfield,Old Renwick Rd and Trading Post Ln,0,0,N/A
1535418,11-Feb-19,Texas,Lubbock,5802 19th St,0,0,N/A
1328551,11-Feb-19,Wisconsin,Manitowoc,1433 S 8th St,0,0,N/A
1338143,10-Feb-19,Texas,Wichita Falls,Old Jacksboro Hwy and Midwestern Pkwy,0,0,N/A
1323967,10-Feb-19,Wisconsin,Franksville,3500 block of 80th St,0,0,N/A
1325503,10-Feb-19,Alabama,Arab,Co Rd 1807,0,0,N/A
1323963,10-Feb-19,Arkansas,Hot Springs Village,700 block of Ellison Rd,0,0,N/A
1325371,10-Feb-19,Illinois,Dunlap,2500 block of W Sesame St,0,0,N/A
1328959,10-Feb-19,Illinois,Freeport,1200 block of S Carroll Ave,0,0,N/A
1324010,10-Feb-19,Virginia,Yorktown,200 block of Marl Ravine Rd,0,0,N/A
1325861,10-Feb-19,Georgia,Athens,N/A,0,0,N/A
1324151,10-Feb-19,Illinois,Chicago,4900 block of W Pensacola Ave,0,0,N/A
1325701,10-Feb-19,Minnesota,Hill City,Walker Rd,0,1,N/A
1325054,10-Feb-19,New York,Bronx,Bronx River Ave,0,0,N/A
1324209,10-Feb-19,Pennsylvania,Reading,150 N 8th St,1,0,N/A
1323414,10-Feb-19,New York,Ossining,30 block of Van Cortlandt Ave,0,1,N/A
1326397,10-Feb-19,North Carolina,Greenville,1100 block of Grovemont Dr,0,0,N/A
1323520,10-Feb-19,Georgia,Buford,927 Gainesville Hwy,1,0,N/A
1325553,10-Feb-19,North Carolina,Jacksonville,100 block of Liberty Dr,0,1,N/A
1324616,9-Feb-19,Connecticut,Stamford,30 S State St,0,0,N/A
1323442,9-Feb-19,Minnesota,Minneapolis,320 SE 2nd Ave,2,0,N/A
1326890,9-Feb-19,Illinois,Rockford,421 block of Albert Ave,0,0,N/A
1323178,9-Feb-19,New York,Syracuse,800 block of Ackerman Ave,0,0,N/A
1325945,9-Feb-19,Pennsylvania,Lancaster,600 block of Columbia Ave,0,0,N/A
1337532,9-Feb-19,New Mexico,Albuquerque,4057 Montgomery Blvd NE,0,1,N/A
1324537,9-Feb-19,Florida,Cape Coral,3300 block of Chiquita Blvd S,0,0,N/A
1324463,9-Feb-19,Pennsylvania,Pittsburgh,777 Casino Dr,0,0,N/A
1325348,9-Feb-19,New Jersey,Jersey City,John F Kennedy Blvd and Communipaw Dr,0,0,N/A
1325339,9-Feb-19,New York,Yonkers,Lamartine Ter,0,0,N/A
1350236,9-Feb-19,Louisiana,New Orleans,1400 block of N Broad St,0,0,N/A
1325122,9-Feb-19,New York,Staten Island,Catherine St and Decker Ave,0,0,N/A
1325120,9-Feb-19,New York,Staten Island,280 Park Ave,0,0,N/A
1324259,9-Feb-19,Ohio,Sandusky,Franklin St and Reese St,0,1,N/A
1326419,9-Feb-19,Florida,New Smyrna Beach,Glen Cir,0,0,N/A
1323445,9-Feb-19,Wisconsin,Milwaukee,N 16th St and W Atkinson Ave,1,1,N/A
1323717,9-Feb-19,California,Vallejo,974 Admiral Callaghan Ln,1,0,N/A
1643793,9-Feb-19,District of Columbia,Washington,2000 block of Newton St NE,0,1,N/A
1328109,9-Feb-19,Arizona,Chandler,1215 W Remington Dr,1,0,N/A
1323005,9-Feb-19,Indiana,Lafayette,3216 Crosspoint Ct N,0,0,N/A
1328952,9-Feb-19,Maine,Stratton,8258 Carrabassett Rd,0,0,N/A
1326881,9-Feb-19,Kansas,Leavenworth,700 block of Osage St,0,1,N/A
1322852,8-Feb-19,North Carolina,Winston Salem (Winston-salem),3545 Carver School Rd,0,0,N/A
1324659,8-Feb-19,Massachusetts,Chicopee,Cambridge St,0,0,N/A
1322839,8-Feb-19,South Carolina,Lancaster,239 South Ave,0,0,N/A
1322931,8-Feb-19,Connecticut,Bridgeport,Charles St and Parrot Ave,0,0,N/A
1322754,8-Feb-19,Kentucky,Paducah,1000 block of Old N Friendship Rd,0,0,N/A
1323022,8-Feb-19,Florida,Jacksonville,2401 Jammes Rd,1,0,N/A
1322916,8-Feb-19,Rhode Island,Providence,1117 Douglas Ave,0,0,N/A
1323090,8-Feb-19,Oklahoma,Oklahoma City,8500 NW 23rd St,0,0,N/A
1324462,8-Feb-19,Kansas,Salina,100 block of N 11th St,0,0,N/A
1323153,8-Feb-19,Tennessee,Nashville,7221 US 70 S,0,0,N/A
1325396,8-Feb-19,Arkansas,Hot Springs National Park (Hot Springs),4909 Park Ave,0,0,N/A
1323288,8-Feb-19,New Jersey,Newark,800 block of Broad St,0,1,N/A
1325386,8-Feb-19,Ohio,Akron,1700 block of Malasia Rd,0,0,N/A
1339958,8-Feb-19,New York,Staten Island,Broad St and Cedar St,0,0,N/A
1323037,8-Feb-19,Florida,Ocala,1514 N Magnolia Ave,1,0,N/A
1322983,8-Feb-19,Oregon,Portland,NE Sandy Boulevard and 125th Ave,0,0,N/A
1326401,8-Feb-19,North Carolina,Greenville,700 block of W 14th St,0,0,N/A
1324612,8-Feb-19,Connecticut,Milford,Gulf St,0,0,N/A
1322611,8-Feb-19,Arkansas,Little Rock,7317 Fairways Dr,1,0,N/A
1324702,8-Feb-19,Minnesota,Minneapolis (Blaine),2700 block of 95th Ave NE,1,0,N/A
1326204,7-Feb-19,Connecticut,New Haven,Lamberton St and Morris St,0,0,N/A
1322168,7-Feb-19,Pennsylvania,Jonestown,135 S King St,0,0,N/A
1324653,7-Feb-19,Massachusetts,Springfield,Spring St,0,0,N/A
1322790,7-Feb-19,Kentucky,Henderson,US 41,0,0,N/A
1323204,7-Feb-19,North Carolina,Asheboro,US 64 E,0,0,N/A
1322083,7-Feb-19,Oregon,Portland,N Commercial Ave and N Killingsworth St,0,0,N/A
1321866,7-Feb-19,Kentucky,Lexington,1 St Joseph Dr,0,0,N/A
1323615,7-Feb-19,Nebraska,Gretna,103 Cort Plaza,0,0,N/A
1322251,7-Feb-19,Pennsylvania,Erie,2 Sassafras Pier,0,2,N/A
1571889,7-Feb-19,Kentucky,Louisville,1281 Gilmore Ln,0,0,N/A
1321611,7-Feb-19,Tennessee,Nashville,3200 block of Torbett St,1,0,N/A
1522305,7-Feb-19,Texas,Kirbyville,S Margaret Ave,0,0,N/A
1322529,7-Feb-19,Louisiana,Houma (Bayou Blue),LA 316,0,0,N/A
1322517,7-Feb-19,Indiana,Seymour,300 block of Holiday Square Rd,0,0,N/A
1321626,7-Feb-19,District of Columbia,Washington,5400 block of 5th St NW,0,0,N/A
1353375,7-Feb-19,California,San Francisco,1001 Potrero Ave,0,0,N/A
1322439,7-Feb-19,Florida,Dunnellon,5530 SW 206th Ave,0,0,N/A
1321373,7-Feb-19,Kentucky,Louisville (Shively),San Jose Ave and Grandview Dr,0,1,N/A
1322235,7-Feb-19,Pennsylvania,Easton,424 Warrior Ln,0,0,N/A
1331719,7-Feb-19,New York,Schenectady,442 Hulett St,0,0,N/A
1322214,7-Feb-19,Maryland,Hagerstown,32 W Baltimore St,0,0,N/A
1324045,7-Feb-19,District of Columbia,Washington,1400 block of Park Rd NW,0,0,N/A
1322176,7-Feb-19,Ohio,Mentor,7745 Reynolds Rd,0,0,N/A
1321271,7-Feb-19,Delaware,Dover,383 N DuPont Hwy,0,0,N/A
1322124,7-Feb-19,Texas,Beaumont,E Cardinal Dr and S M L King Jr Pkwy,0,0,N/A
1322114,7-Feb-19,Massachusetts,Worcester,Larch St,0,0,N/A
1323338,7-Feb-19,California,Fairfield,70 block of Villa Ct,0,0,N/A
1322957,7-Feb-19,Connecticut,Hartford,540 Park St,0,0,N/A
1325662,7-Feb-19,Maine,Bucksport,Central St,0,0,N/A
1322173,7-Feb-19,Ohio,Barberton (New Franklin),5400 block of Menlo Ct,1,1,N/A
1321939,7-Feb-19,Florida,Deland,700 S Woodland Blvd,0,1,N/A
1324033,7-Feb-19,West Virginia,Matewan,Mitchell Branch Rd,0,0,N/A
1321332,7-Feb-19,Indiana,Fort Wayne,Autumn Ln,0,0,N/A
1324038,7-Feb-19,West Virginia,Matewan,Mitchell Branch Rd,0,0,N/A
1324747,7-Feb-19,Mississippi,Natchez,Miller Ave,0,0,N/A
1321064,6-Feb-19,Massachusetts,Brockton,70 Highland St,0,0,N/A
1322240,6-Feb-19,Pennsylvania,Lancaster,S Centerville Rd and Stone Mill Rd,0,0,N/A
1322854,6-Feb-19,Tennessee,Johnson City,502 E Maple St,1,0,N/A
1321829,6-Feb-19,Missouri,Saint Louis,4300 block of McRee Ave,0,0,N/A
1321210,6-Feb-19,Wisconsin,Racine,2301 12th St,0,0,N/A
1321002,6-Feb-19,Virginia,Forest,100 Ashwood Dr,0,0,N/A
1321823,6-Feb-19,Missouri,Kirksville,607 N Franklin St,1,0,N/A
1322816,6-Feb-19,South Carolina,Conway,1418 3rd Ave,0,0,N/A
1321739,6-Feb-19,Alabama,Gadsden,1400 block of E Broad St,0,1,N/A
1321544,6-Feb-19,Florida,Davenport,252 Regency St,0,0,N/A
1325224,6-Feb-19,Kansas,Wichita,5001 E Pawnee St,0,1,N/A
1321697,6-Feb-19,Michigan,Adrian,653 S Madison St,0,0,N/A
1367794,6-Feb-19,Pennsylvania,Ephrata,10 block of N Church St,0,0,N/A
1321965,6-Feb-19,Massachusetts,Boston,72 Elm Hill Ave,0,0,N/A
1321131,6-Feb-19,Arkansas,Little Rock,16900 Cantrell Rd,0,1,N/A
1322201,6-Feb-19,District of Columbia,Washington,1100 block of Shepherd Rd NW,0,0,N/A
1320615,6-Feb-19,New Jersey,Jersey City,339 Stegman Pkwy,0,0,N/A
1321357,6-Feb-19,Florida,Lake Worth (Palm Springs),2896 S Congress Ave,0,0,N/A
1331716,6-Feb-19,New York,Schenectady,Craig St,0,0,N/A
1322211,6-Feb-19,Maryland,Hagerstown,900 block of W Franklin St,0,0,N/A
1321275,6-Feb-19,New York,Patchogue,57 Wilmarth Ave,0,0,N/A
1322180,6-Feb-19,Indiana,Indianapolis,400 block of N Kealing Ave,0,0,N/A
1322165,6-Feb-19,Illinois,Chicago Heights (Ford Heights),1400 block of Woodlawn Ave,0,0,N/A
1321648,6-Feb-19,Pennsylvania,Monroeville,2500 block of Monroeville Blvd,0,0,N/A
1321220,6-Feb-19,Texas,Dallas,12200 block of Jackson Creek Dr,0,1,N/A
1321204,6-Feb-19,Minnesota,Minneapolis (St Anthony),N/A,0,0,N/A
1321945,6-Feb-19,Connecticut,Hartford,Willard St,0,0,N/A
1321923,6-Feb-19,Wisconsin,Genoa City,N Carter St and Hunters Ridge Dr,0,0,N/A
1320382,5-Feb-19,Massachusetts,Boston,55 Evelyn St,0,1,N/A
1320303,5-Feb-19,Oklahoma,Tulsa,3333 E Newton St,0,1,N/A
1321050,5-Feb-19,Connecticut,Waterbury,800 block of N Main St,0,0,N/A
1321047,5-Feb-19,Connecticut,Hamden,Winnet St,0,0,N/A
1320259,5-Feb-19,Pennsylvania,Uniontown,Carlisle St,0,0,N/A
1320159,5-Feb-19,Minnesota,Minneapolis,I-94 and I-35W,0,1,N/A
1320199,5-Feb-19,Missouri,Springfield,2800 block of E Sunshine St,0,0,N/A
1320685,5-Feb-19,Georgia,Macon,5561 Thomaston Rd,0,0,N/A
1320447,5-Feb-19,Ohio,Dayton,1916 Elsmere Ave,0,0,N/A
1320629,5-Feb-19,Pennsylvania,Erie,4050 Depot Rd,0,0,N/A
1321054,5-Feb-19,Connecticut,Bridgeport,Madison Ave and Arlington St,0,0,N/A
1320612,5-Feb-19,Iowa,Des Moines,727 SE 14th St,0,0,N/A
1320822,5-Feb-19,South Carolina,Orangeburg,Cloverdale Ln,0,0,N/A
1320821,5-Feb-19,South Carolina,Orangeburg,Cooter Rd and Langley Rd,0,0,N/A
1319978,5-Feb-19,Ohio,Columbus,1499 Hard Rd,0,0,N/A
1322071,5-Feb-19,Iowa,Waterloo,303 Logan Ave,0,0,N/A
1327099,5-Feb-19,Connecticut,Bridgeport,Pembroke St and Arctic St,0,0,N/A
1321641,5-Feb-19,Alabama,Selma,1300 Cloverdale Rd,0,0,N/A
1321178,5-Feb-19,Mississippi,Iuka,Co Rd 957,0,0,N/A
1323326,5-Feb-19,Connecticut,Waterbury,Waterville St and Chesnut Ave,0,0,N/A
1321211,5-Feb-19,Wisconsin,Madison (Monona),W Broadway and Frazier Ave,0,0,N/A
1321927,5-Feb-19,Wisconsin,Union Grove,13th Ave and West St,0,0,N/A
1320306,4-Feb-19,New York,Buffalo,Hagen St,0,0,N/A
1327975,4-Feb-19,Delaware,Wilmington,1400 block of N Walnut St,0,0,N/A
1320968,4-Feb-19,Louisiana,New Orleans,Bourbon St and Bienville St,0,0,N/A
1320941,4-Feb-19,Idaho,Twin Falls,Ash St,0,0,N/A
1320201,4-Feb-19,California,Fresno,3636 N Blackstone Ave,0,0,N/A
1320151,4-Feb-19,Georgia,Macon,Pansy Ave,0,0,N/A
1321684,4-Feb-19,Michigan,Southfield,23077 Greenfield Rd,0,1,N/A
1323475,4-Feb-19,Illinois,Kankakee,300 block of W Bourbonnais St,0,0,N/A
1319299,4-Feb-19,Tennessee,Brentwood,1101 Wilson Pike,0,0,N/A
1320003,4-Feb-19,Louisiana,Westwego,Tanglewood Dr and Magnolia Dr,0,0,N/A
1319178,4-Feb-19,Kansas,Topeka,200 block of SE Lawrence St,0,0,N/A
1320662,4-Feb-19,Florida,Tallahassee,Country Ln,0,0,N/A
1319881,4-Feb-19,Ohio,Alliance,2000 block of Beechwood Ave,0,0,N/A
1319809,4-Feb-19,Florida,Palm Coast,26 Coral Reef Ct S,1,0,N/A
1320330,4-Feb-19,Maryland,Hyattsville (Cheverly),US 50 and MD 410,0,0,N/A
1319055,4-Feb-19,Maryland,Baltimore,525 W Redwood St,0,1,N/A
1320457,4-Feb-19,District of Columbia,Washington,4000 block of Kansas Ave NW,0,0,N/A
1318922,4-Feb-19,Pennsylvania,Philadelphia,10 block of  E Woodlawn St,0,1,N/A
1320429,4-Feb-19,Texas,Amarillo,5000 block of Leigh Ave,0,0,N/A
1320393,4-Feb-19,Maine,Hartland,Commercial St,0,0,N/A
1385483,4-Feb-19,Texas,Houston,Del Monte Dr and River Oaks Blvd,0,0,N/A
1318641,3-Feb-19,Arizona,Phoenix,37th Ave and Peoria Ave,1,1,N/A
1318567,3-Feb-19,Massachusetts,Boston,62 Brookline Ave,0,0,N/A
1320198,3-Feb-19,Arkansas,Hot Springs National Park (Hot Springs),164 Piney Loop,0,0,N/A
1318547,3-Feb-19,Massachusetts,Boston,870 Massachusetts Ave,0,0,N/A
1320098,3-Feb-19,Kentucky,Elizabethtown,N/A,0,0,N/A
1401527,3-Feb-19,Arizona,Tempe,500 block of S Roosevelt St,0,0,N/A
1320789,3-Feb-19,New York,Collins,NY 39,0,0,N/A
1319279,3-Feb-19,Massachusetts,Brockton,47 Highland St,0,0,N/A
1319225,3-Feb-19,North Carolina,Asheboro,Mack Rd and Hollings Rd,0,0,N/A
1318917,3-Feb-19,New Jersey,New Egypt,Carter Ln,0,0,N/A
1319704,3-Feb-19,Indiana,Kokomo,Council Ring Blvd,0,0,N/A
1320417,3-Feb-19,Connecticut,West Haven,Claudia Dr,0,0,N/A
1323355,3-Feb-19,Maryland,Stevensville,200 block of Riverview Rd,0,0,N/A
1319137,3-Feb-19,South Carolina,Mount Pleasant,750 Long Point Rd,0,0,N/A
1318862,3-Feb-19,Pennsylvania,Hazleton,N Wyoming St and W Green St,0,0,N/A
1318868,3-Feb-19,Pennsylvania,Erie,200 block of W 10th St,0,0,N/A
1319673,3-Feb-19,California,Petaluma,401 Kennilworth Dr,0,0,N/A
1318649,3-Feb-19,California,Firebaugh,600 block of N. Fairfax Ave,1,0,N/A
1319471,3-Feb-19,Oklahoma,Okmulgee,E Eufaula St and N Mission Rd,0,2,N/A
1319359,2-Feb-19,Florida,Deland,Rolling Acres Dr,0,0,N/A
1320308,2-Feb-19,New York,Buffalo,Glenwood Pl,0,0,N/A
1321724,2-Feb-19,Tennessee,Memphis,2000 block of Leichester Ln,0,0,N/A
1341926,2-Feb-19,California,Los Angeles (Silver Lake),3040 Sunset Blvd,0,1,N/A
1320646,2-Feb-19,Ohio,Canton,1340 Market Ave N,0,0,N/A
1318611,2-Feb-19,Michigan,Troy,44201 Dequindre Rd,1,0,N/A
1318628,2-Feb-19,Michigan,Kalamazoo,2103 Parkview Ave,0,0,N/A
1318561,2-Feb-19,Massachusetts,Boston,13 Border St,0,0,N/A
1319410,2-Feb-19,West Virginia,Huntington,3400 block of 5th Ave,0,0,N/A
1320036,2-Feb-19,Louisiana,New Orleans,Iberville St and Royal St,0,0,N/A
1321553,2-Feb-19,Florida,Fort Lauderdale (Davie),13000 block of FL-84,0,0,N/A
1319097,2-Feb-19,Ohio,Toledo,1200 block of Albert St,0,1,N/A
1321443,2-Feb-19,Iowa,Burlington,2600 block of Flint Hills Dr,0,0,N/A
1496737,2-Feb-19,Illinois,Centralia,S Elm,0,0,N/A
1318096,2-Feb-19,Delaware,Wilmington,W 27th St and Moore St,0,1,N/A
1318943,2-Feb-19,Pennsylvania,Spring Church,Hemlock Rd and W Lebanon Rd,0,0,N/A
1319828,2-Feb-19,Florida,Ocala,4000 NE Second Ct,0,0,N/A
1320905,2-Feb-19,California,Mad River,CA 36,0,0,N/A
1319199,2-Feb-19,South Carolina,Myrtle Beach,809 82nd Pkwy,0,0,N/A
1320335,2-Feb-19,Delaware,Wilmington,2500 block of Bowers St,0,0,N/A
1320433,2-Feb-19,Rhode Island,Coventry,Arnold Rd,0,0,N/A
1318875,2-Feb-19,Washington,Camas,900 block of E 1st Ave,0,1,N/A
1318334,2-Feb-19,Utah,Tremonton,250 E Main St,0,0,N/A
1319693,2-Feb-19,West Virginia,Beckley,1881 Robert C Byrd Dr,0,0,N/A
1318289,2-Feb-19,Massachusetts,Pittsfield,Wahconah St,0,0,N/A
1431716,2-Feb-19,Missouri,Columbia,1210 E Prathersville Rd,0,0,N/A
1318147,2-Feb-19,Virginia,Richmond,2100 block of W Main St,1,0,N/A
1319342,1-Feb-19,Illinois,Champaign,1000 block of Frank Dr,0,0,N/A
1424834,1-Feb-19,Nebraska,Lincoln,651 W C St,0,0,N/A
1593320,1-Feb-19,Indiana,Vincennes,2655 N 6th St,0,0,N/A
1317414,1-Feb-19,Ohio,Troy,OH-55 and Kessler Rd,0,0,N/A
1318156,1-Feb-19,Virginia,Quinton,New Kent Hwy and Tunstall Rd,0,0,N/A
1317781,1-Feb-19,Kentucky,Louisville,New Cut Rd and National Turnpike,0,0,N/A
1321669,1-Feb-19,New Hampshire,Hooksett,2 Commerce Dr,0,0,N/A
1319344,1-Feb-19,New Jersey,Jersey City,Myrtle Ave and Martin Luther King Jr Dr,0,0,N/A
1317227,1-Feb-19,Ohio,Cleveland,Nottingham Rd and Villaview Rd,0,1,N/A
1319306,1-Feb-19,New Hampshire,Lebanon,15 Renihan Meadows,0,0,N/A
1319308,1-Feb-19,Kentucky,Scottsville,W 6th St,0,0,N/A
1320897,1-Feb-19,California,Porterville,N Howland St,0,0,N/A
1365004,1-Feb-19,Florida,Ocala,7791 NW 47th Ave,0,0,N/A
1319123,1-Feb-19,Colorado,Pueblo,3900 block of Outlook Blvd,0,0,N/A
1318344,1-Feb-19,Connecticut,Bridgeport,Main St and Old Town Rd,0,0,N/A
1319078,1-Feb-19,Florida,Tallahassee,Meath Dr,0,0,N/A
1321139,1-Feb-19,Maine,Friendship,N/A,0,0,N/A
1318831,1-Feb-19,California,Chatsworth,9600 block of Mason Ave,0,0,N/A
1318981,1-Feb-19,New Jersey,Elmwood Park,300 Molnar Dr,0,0,N/A
1320576,1-Feb-19,Maryland,Belcamp,4400 block of Sanford Ct,0,0,N/A
1319780,1-Feb-19,Ohio,Akron,352 Massillon Rd,0,0,N/A
1318169,1-Feb-19,Wisconsin,Milwaukee,1500 block of W Mitchell St,0,1,N/A
1318310,1-Feb-19,Massachusetts,Boston,46 Weaver Ct,0,0,N/A
1317695,1-Feb-19,Colorado,Colorado Springs,3300 block of E Fountain Blvd,0,0,N/A
1376494,31-Jan-19,Connecticut,New Haven,1 Union Ave,0,0,N/A
1317731,31-Jan-19,Ohio,Cleveland,11300 block of Hopkins Ave,0,0,N/A
1322160,31-Jan-19,Kansas,Topeka,N/A,0,0,N/A
1316643,31-Jan-19,Pennsylvania,Birdsboro,200 block of Garey Rd,0,0,N/A
1317528,31-Jan-19,Pennsylvania,Easton,100 block of W Hoyt St,0,0,N/A
1317431,31-Jan-19,Ohio,Youngstown,Madison Avenue Expy,0,0,N/A
1319128,31-Jan-19,Colorado,Pueblo,3100 block of W 18th St,0,0,N/A
1317351,31-Jan-19,Tennessee,Nashville,Bell Rd,0,0,N/A
1317398,31-Jan-19,Ohio,Cleveland,W 140th St and Puritas Ave,0,0,N/A
1317252,31-Jan-19,Florida,Cape Coral,NW 15th Place,0,0,N/A
1322859,31-Jan-19,Delaware,Wilmington,W 7th St and N Monroe St,0,0,N/A
1327097,31-Jan-19,Connecticut,Bridgeport,50 Worth St,0,0,N/A
1318359,31-Jan-19,Massachusetts,Brockton,Winthrop St,0,0,N/A
1318331,31-Jan-19,Massachusetts,Springfield,202 Tyler St,0,0,N/A
1317892,31-Jan-19,Mississippi,Pearl,US 80 and US 49,0,0,N/A
1317135,31-Jan-19,Connecticut,Stamford,Seaton Rd and Standish Rd,0,0,N/A
1317883,31-Jan-19,Arkansas,Hope,709 Harris St,0,0,N/A
1316937,31-Jan-19,Louisiana,Houma,Grand Caillou Road,0,1,N/A
1321153,31-Jan-19,Arkansas,Fort Smith,2200 block of S Y St,0,0,N/A
1369522,31-Jan-19,West Virginia,Fairmont,324 Walnut Ave,0,1,N/A
1317869,30-Jan-19,Alabama,Boaz,Co Rd 17,0,0,N/A
1591879,30-Jan-19,Louisiana,Baton Rouge,Gayosa St,0,1,N/A
1316939,30-Jan-19,New York,Buffalo,Butler Ave,0,0,N/A
1316822,30-Jan-19,Oklahoma,Tulsa,E 4th Pl and S Sheridan Rd,0,0,N/A
1316921,30-Jan-19,Georgia,Savannah,703 Wheaton St,0,0,N/A
1317138,30-Jan-19,Connecticut,Waterbury,14 Wood St,0,0,N/A
1316194,30-Jan-19,Illinois,Chicago,234 W 31st St,0,0,N/A
1317747,30-Jan-19,Florida,Port Saint Lucie,269 SW Port St Lucie Blvd,0,0,N/A
1316809,30-Jan-19,Illinois,Decatur,2400 block of E Prairie Ave,0,0,N/A
1317690,30-Jan-19,Texas,Bryan,2400 block of Yellowstone Dr,0,0,N/A
1316785,30-Jan-19,Oklahoma,Mcalester,S Elm St and W Ottawa Ave,1,0,N/A
1317843,30-Jan-19,New York,Mohegan Lake,E Main St,0,0,N/A
1316743,30-Jan-19,Illinois,Peoria,1300 block of W MacQueen Ave,0,0,N/A
1318005,30-Jan-19,Alabama,Troy,91 CR 2300,2,0,N/A
1316645,30-Jan-19,Ohio,Canton,Walnut Ave NE and Alexander Pl,0,0,N/A
1317372,30-Jan-19,New Jersey,Atlantic City,129 N Michigan Ave,0,0,N/A
1316886,30-Jan-19,Missouri,Columbia,1209 Longwell Dr,0,0,N/A
1316169,30-Jan-19,Nevada,Las Vegas,2839 Burnham Ave,0,0,N/A
1317327,30-Jan-19,South Carolina,Summerville,1500 block of N Main St,0,0,N/A
1317173,30-Jan-19,Mississippi,Tupelo,Co Rd 133,0,0,N/A
1316490,30-Jan-19,Maryland,Eden,US-13 and Eden Allen Rd,0,0,N/A
1317181,30-Jan-19,Mississippi,Vicksburg,1200 block of Holly St,0,0,N/A
1317159,30-Jan-19,Arkansas,Hot Springs National Park (Hot Springs),300 Cornerstone Blvd,0,0,N/A
1317154,30-Jan-19,Arkansas,Little Rock,5800 block of Baseline Rd,0,0,N/A
1317182,30-Jan-19,Mississippi,Corinth,1600 block of E 6th St,0,1,N/A
1316080,30-Jan-19,Arizona,Phoenix,N 7th St and E Orangewood Ave,1,0,N/A
1316359,30-Jan-19,Rhode Island,Pawtucket,10 Oneida St,0,0,N/A
1316356,30-Jan-19,Massachusetts,Rockland,W Water St and Central St,0,0,N/A
1317097,30-Jan-19,Alabama,Gadsden,800 block of Randall St,0,0,N/A
1317170,30-Jan-19,Mississippi,Belden,King Rd,0,0,N/A
1316347,30-Jan-19,Georgia,Atlanta,Charles Allen Dr and Ponce de Leon Ave,0,0,N/A
1316303,30-Jan-19,Arkansas,Van Buren,Dripping Springs Trail,1,0,N/A
1316300,29-Jan-19,Louisiana,Bossier City,Montgomery Ln,0,1,N/A
1315301,29-Jan-19,New York,Pelham,Hutchinson River Pkwy and Boston Post Rd,0,0,N/A
1316391,29-Jan-19,Vermont,Brattleboro,Clark St,0,0,N/A
1319351,29-Jan-19,New Jersey,Paterson,Burhans Ave and Temple St,0,0,N/A
1316100,29-Jan-19,Kentucky,Louisville,3000 Dundee Rd,0,0,N/A
1497798,29-Jan-19,Tennessee,Johnson City,3211 Mayfield Dr,0,0,N/A
1574896,29-Jan-19,Vermont,Burlington,150 Church Sheet,0,0,N/A
1319625,29-Jan-19,Louisiana,Duson,Dwayne Dr and Tunica Ln,0,0,N/A
1317442,29-Jan-19,Virginia,Nokesville,9800 block of Par Dr,0,1,N/A
1317312,29-Jan-19,Georgia,Macon,Rocky Creek Rd,0,0,N/A
1316449,29-Jan-19,Ohio,Dayton,1600 W Riverview Ave,0,0,N/A
1316547,29-Jan-19,Indiana,Kokomo,3600 block of Briarwick Dr,0,0,N/A
1315733,29-Jan-19,Pennsylvania,Mc Kees Rocks (Mckees Rocks),800 block of Hober Ave,0,0,N/A
1315695,29-Jan-19,Massachusetts,Boston,Woodrow Ave,0,0,N/A
1316418,29-Jan-19,Massachusetts,Boston,Walden St and Heath St,0,0,N/A
1315616,29-Jan-19,Connecticut,Bridgeport,Hallett St,0,0,N/A
1316389,29-Jan-19,Maine,New Sharon,Main St,0,0,N/A
1315462,29-Jan-19,Texas,Austin,E William Cannon Dr and McKinney Falls Pkwy,1,0,N/A
1315512,28-Jan-19,California,Red Bluff,400 block of Madison St,1,0,N/A
1316211,28-Jan-19,Maryland,White Oak,116000 block of Stewart Ln,2,0,N/A
1314806,28-Jan-19,Nevada,Henderson,1000 block of American Pacific Dr,0,1,N/A
1315399,28-Jan-19,Idaho,Twin Falls,201 Walnut St,0,0,N/A
1459148,28-Jan-19,Minnesota,Farwell,12627 CR 26 SW,2,0,N/A
1315212,28-Jan-19,West Virginia,Charleston,1300 block of Renaissance Cir,0,1,N/A
1316790,28-Jan-19,Illinois,Joliet,2100 block of Dartmoor Dr,0,0,N/A
1314289,28-Jan-19,Texas,Houston,7815 Harding St,2,5,N/A
1315911,28-Jan-19,Illinois,Rockford,2700 block of 10th St,0,0,N/A
1315273,28-Jan-19,Pennsylvania,Walnutport,473 Main St,0,0,N/A
1315268,28-Jan-19,Oregon,Portland,SE Division St and SE 8th Ave,0,0,N/A
1316592,28-Jan-19,Pennsylvania,Johnstown,800 block of Cooper Ave,0,0,N/A
1314226,28-Jan-19,Massachusetts,Boston,1210 Walnut Ave,0,0,N/A
1315840,28-Jan-19,Florida,Daytona Beach,1381 Virginia Ave,0,0,N/A
1315095,28-Jan-19,Florida,Ocala,2867 NE Seventh St,0,0,N/A
1314932,28-Jan-19,New Jersey,Newark,50 block of Irvine Turner Blvd,1,1,N/A
1314500,28-Jan-19,Florida,Miami,NW 71st St and NW 20th Ave,0,1,N/A
1315228,28-Jan-19,South Carolina,Campobello,25 Pine St,0,1,N/A
1314878,28-Jan-19,Mississippi,Tupelo,Co Rd 373,0,0,N/A
1315881,28-Jan-19,Florida,Hudson,14410 Cobra Way,0,0,N/A
1410163,28-Jan-19,Florida,Leesburg,N/A,0,0,N/A
1379115,28-Jan-19,Iowa,Clinton,200 block of 3rd Ave S,0,0,N/A
1314957,28-Jan-19,Delaware,Seaford,400 block of N Pine St,0,0,N/A
1315753,28-Jan-19,Ohio,Dayton,4053 Free Pike,0,0,N/A
1317115,28-Jan-19,Massachusetts,Boston,Blue Hill Ave,0,0,N/A
1315090,27-Jan-19,Pennsylvania,Allentown,425 Hamilton St,0,0,N/A
1313697,27-Jan-19,Connecticut,Hartford,151 Meadow St,0,0,N/A
1316927,27-Jan-19,Colorado,Peyton,14155 E US-24,0,0,N/A
1313621,27-Jan-19,Tennessee,Nashville,600 block of Poplar Pl,0,1,N/A
1315924,27-Jan-19,Georgia,Macon,5000 block of Zebulon Rd,0,0,N/A
1313524,27-Jan-19,Alabama,Rogersville,900 block of Lauderdale 84,0,0,N/A
1313520,27-Jan-19,Alabama,Florence,500 block of Lauderdale 301,0,0,N/A
1314323,27-Jan-19,South Carolina,Rock Hill,Eastwood Dr,0,0,N/A
1314866,27-Jan-19,Nevada,Reno,400 block of Booth St,0,1,N/A
1315703,27-Jan-19,Massachusetts,New Bedford,Upton St,0,0,N/A
1315535,27-Jan-19,New Mexico,Socorro,NM-1 and Smith Rd,0,0,N/A
1314836,27-Jan-19,Alaska,Wasilla,N/A,1,0,N/A
1332778,27-Jan-19,Pennsylvania,Ephrata,300 block of S State St,0,0,N/A
1314629,27-Jan-19,Missouri,Columbia,5600 block of St Charles Rd,1,1,N/A
1314266,27-Jan-19,Texas,Houston,7890 Locksley Rd,0,1,N/A
1313895,27-Jan-19,Texas,Belton,5120 W Ave O,0,0,N/A
1315675,27-Jan-19,Massachusetts,Auburn,406 Southbridge St,0,0,N/A
1313669,27-Jan-19,Connecticut,Bridgeport,915 Reservoir Ave,1,0,N/A
1312391,26-Jan-19,Georgia,Albany,300 block of W Roosevelt,0,4,N/A
1314193,26-Jan-19,Ohio,Youngstown,300 block of E Boston Ave,0,0,N/A
1314539,26-Jan-19,Ohio,Cincinnati,Wabash Ave,0,0,N/A
1316186,26-Jan-19,New York,Schenectady,Plymouth Ave,0,0,N/A
1313899,26-Jan-19,Tennessee,Greeneville,90 Stanley Ln,0,0,N/A
1313596,26-Jan-19,Mississippi,Natchez,411 Watts Ave,0,0,N/A
1327711,26-Jan-19,New York,Albany,Yardboro Ave,0,0,N/A
1313116,26-Jan-19,Massachusetts,Brockton,521 Belmont St,0,0,N/A
1314304,26-Jan-19,South Carolina,Myrtle Beach,6103 N Kings Hwy,0,0,N/A
1312387,26-Jan-19,North Carolina,La Grange,102 Den Court,0,1,N/A
1313457,26-Jan-19,Kentucky,Glasgow,201 Samson St,0,1,N/A
1317211,26-Jan-19,Ohio,Berea,W Bagley Rd and N Rocky River Dr,0,0,N/A
1312446,26-Jan-19,New Jersey,Pleasantville,310 W Wright St,0,1,N/A
1312518,26-Jan-19,Texas,Austin,6000 block of Felix Ave,0,2,N/A
1312200,26-Jan-19,Iowa,Des Moines,6405 Chaffee Rd,0,0,N/A
1313302,26-Jan-19,New Jersey,Newark,100 block of Clinton Ave,0,0,N/A
1317876,26-Jan-19,Arkansas,Marked Tree,N/A,0,0,N/A
1313006,26-Jan-19,Connecticut,Waterbury,80 Fox St,0,0,N/A
1313002,26-Jan-19,Louisiana,New Orleans,1000 block of Girod St,0,0,N/A
1313207,26-Jan-19,District of Columbia,Washington,1500 block of Fort Davis Pl SE,3,0,N/A
1313739,25-Jan-19,Massachusetts,Boston,58 Geneva Ave,0,0,N/A
1313678,25-Jan-19,Nebraska,Lincoln,3330 S 10th St,0,0,N/A
1312799,25-Jan-19,Iowa,Davenport,1502 W Locust St,0,0,N/A
1312690,25-Jan-19,New York,Newburgh,9 Hasbrouck St,1,0,N/A
1312476,25-Jan-19,Kentucky,Glasgow,Waterford Ln,0,0,N/A
1314180,25-Jan-19,Ohio,Sandusky,1900 block of Cleveland Rd,0,0,N/A
1311056,25-Jan-19,Florida,Clearwater,N/A,0,0,N/A
1312277,25-Jan-19,Florida,Marathon,52nd St and US 1,0,0,N/A
1312261,25-Jan-19,Tennessee,Dyersburg,103 Honeysuckle Cove,1,0,N/A
1312670,25-Jan-19,Delaware,Bridgeville,11000 block of Fisher Cir,0,0,N/A
1312667,25-Jan-19,Delaware,Dagsboro,30000 block of Squirrel Ln,0,0,N/A
1312059,25-Jan-19,Washington,Kennewick,7001 W Clearwater Ave,0,0,N/A
1314485,25-Jan-19,Missouri,Smithville,400 block of Highland Ave,1,0,N/A
1312726,25-Jan-19,Nevada,Reno,600 block of Lake St,1,0,N/A
1315072,25-Jan-19,New Jersey,Hackensack,Van Wettering Pl,0,0,N/A
1316817,25-Jan-19,Oklahoma,Oklahoma City,N/A,0,0,N/A
1312352,25-Jan-19,Virginia,Martinsville,16380 A L Philpott Hwy,0,1,N/A
1310370,24-Jan-19,Arkansas,West Memphis,798 W Service Rd,0,1,N/A
1311509,24-Jan-19,Louisiana,Baton Rouge,2112 N Foster Dr,0,0,N/A
1310346,24-Jan-19,Connecticut,Waterbury,Piedmont Ave and Baldwin St,0,0,N/A
1309829,24-Jan-19,Kentucky,Hopkinsville,1923 Bethel St,1,1,N/A
1311400,24-Jan-19,Missouri,O Fallon,13 Holly Ct,1,0,N/A
1311461,24-Jan-19,Arizona,Ehrenberg,I-10,1,0,N/A
1311013,24-Jan-19,Florida,Newberry,SW 145th Dr,0,0,N/A
1311217,24-Jan-19,Nebraska,Grand Island,W 2nd St and N Tilden St,0,0,N/A
1310040,24-Jan-19,Ohio,Barberton,477 4th St NW,0,0,N/A
1311154,24-Jan-19,Colorado,Colorado Springs,500 N Chelton Rd,0,0,N/A
1310267,24-Jan-19,Michigan,Detroit,Southfield Fwy and Plymouth Rd,1,0,N/A
1311550,24-Jan-19,Idaho,Weston,N/A,0,0,N/A
1626746,24-Jan-19,California,Barstow,Elks Lane,1,0,N/A
1315887,24-Jan-19,Florida,Tallahassee,McElroy St,0,0,N/A
1315876,24-Jan-19,Florida,Sarasota,Clark Rd and Honore Ave,0,0,N/A
1312302,24-Jan-19,Tennessee,Selmer,N/A,0,0,N/A
1315817,24-Jan-19,Ohio,Youngstown,McBride St,1,0,N/A
1309706,24-Jan-19,Maryland,Baltimore,800 block of N Milton Ave,1,0,N/A
1312583,24-Jan-19,Illinois,Champaign,Paula Dr and Larkspur Ln,0,0,N/A
1314085,24-Jan-19,Florida,Palm Bay,900 block of Sable Cir,0,0,N/A
1314964,24-Jan-19,Maryland,Huntingtown,2100 block of Wilson Rd,0,0,N/A
1312050,24-Jan-19,Connecticut,Waterbury,526 Meriden Rd,0,0,N/A
1312020,24-Jan-19,Idaho,Preston,N/A,0,0,N/A
1310707,24-Jan-19,Nevada,Las Vegas (Enterprise),400 block of Macbrey,1,0,N/A
1341978,24-Jan-19,Massachusetts,North Adams,Gallup St,0,0,N/A
1309738,24-Jan-19,Missouri,Saint Louis,700 block of Dover Pl,1,0,N/A
1309034,23-Jan-19,New Jersey,Paterson,455 Ellison St,0,0,N/A
1308983,23-Jan-19,New Jersey,Salem,172 E Broadway,0,0,N/A
1309330,23-Jan-19,Maryland,Hyattsville (Landover),6703 Dorman St,0,1,N/A
1309249,23-Jan-19,Tennessee,Bloomingdale,1901 Latimer St,1,0,N/A
1310274,23-Jan-19,Georgia,Macon,Pio Nono Ave,0,0,N/A
1311445,23-Jan-19,Oklahoma,Oklahoma City,1000 N Lee Ave,0,0,N/A
1310256,23-Jan-19,New Jersey,Newark,300 block of S 15th St,0,0,N/A
1310249,23-Jan-19,New Jersey,Newark,Stuyvesant Ave and Valley St,0,0,N/A
1309297,23-Jan-19,South Carolina,Orangeburg,Magnolia St,0,1,N/A
1503316,23-Jan-19,Illinois,Aurora,300 block of Evans Ave,0,0,N/A
1312031,23-Jan-19,Massachusetts,Ware,5 Dale St,0,0,N/A
1309525,23-Jan-19,Mississippi,Nettleton,Co Rd 1463,0,0,N/A
1312708,23-Jan-19,Indiana,Gary,300 block of Bridge St,0,1,N/A
1310166,23-Jan-19,Ohio,Lancaster,1100 block of US 22,0,0,N/A
1309617,23-Jan-19,New Hampshire,Auburn,Londonderry Turnpike and Priscilla Ln,1,0,N/A
1310143,23-Jan-19,Nebraska,Lincoln,5736 NW 4th St,0,0,N/A
1310794,23-Jan-19,Alaska,Soldotna,315 S Kobuk Street,0,1,N/A
1311913,23-Jan-19,California,Roseville,1100 block of Salmon Dr,0,0,N/A
1309323,23-Jan-19,Ohio,Cincinnati,4931 Glenway Ave,1,0,N/A
1315140,23-Jan-19,Georgia,Athens,500 block of Dearing St,0,0,N/A
1323751,23-Jan-19,Oklahoma,Ada,OK 1 and County Rd 3610,0,0,N/A
1312310,23-Jan-19,Tennessee,Murfreesboro,Antebellum Dr,0,0,N/A
1309450,23-Jan-19,Iowa,Waterloo,Oliver St,0,0,N/A
1319922,23-Jan-19,Georgia,Mableton,Mableton Pkwy,0,0,N/A
1511395,23-Jan-19,Ohio,Youngstown,S Dunlap Ave,0,0,N/A
1310059,23-Jan-19,Florida,Cape Coral,1706 NE 2nd St,0,0,N/A
1310378,23-Jan-19,New York,New York (Manhattan),230 Park Ave,0,0,N/A
1310030,23-Jan-19,Florida,Deland,800 block of Longview Ave,0,1,N/A
1309713,23-Jan-19,Maryland,Lexington Park,21000 block of Saratoga Dr,0,0,N/A
1309114,23-Jan-19,Florida,Sebring,1901 US 27 S,5,0,N/A
1309344,23-Jan-19,District of Columbia,Washington,1700 block of N St NW,0,0,N/A
1349669,22-Jan-19,Texas,Wichita Falls,1000 block of Hirschi Ln,0,0,N/A
1311458,22-Jan-19,North Carolina,Marion,Nix Creek Rd,0,0,N/A
1311447,22-Jan-19,North Carolina,Pikeville,110 Britlan Dr,0,1,N/A
1308395,22-Jan-19,Missouri,Joplin,2104 S Indiana Ave,0,0,N/A
1308273,22-Jan-19,Alabama,Birmingham,2701 1st Ave S,0,1,N/A
1309679,22-Jan-19,Illinois,Mattoon,E Rudy Pl,0,0,N/A
1309295,22-Jan-19,South Carolina,Goose Creek,131 Charles B Gibson Blvd,0,0,N/A
1311175,22-Jan-19,New Jersey,Paterson,821 E 22nd St,0,0,N/A
1309588,22-Jan-19,Connecticut,Hamden,Goodrich St,0,0,N/A
1309200,22-Jan-19,Virginia,Falls Church,3300 Gallows Rd,1,0,N/A
1309207,22-Jan-19,Florida,Eustis,16014 US 441,0,0,N/A
1309894,22-Jan-19,Pennsylvania,Erie,2300 block of German St,0,0,N/A
1308781,22-Jan-19,Connecticut,Stratford,Lake St and South Ave,0,1,N/A
1309813,22-Jan-19,New Jersey,Woodbury,N/A,0,0,N/A
1309256,22-Jan-19,Pennsylvania,Bethlehem,4000 Township Line Rd,0,0,N/A
1309717,22-Jan-19,Maryland,Great Mills,45500 block of Coronado Dr,0,0,N/A
1309745,22-Jan-19,Ohio,Alliance,N/A,1,0,N/A
1349952,22-Jan-19,Texas,Wichita Falls,1000 block of Hirschi Ln,0,0,N/A
1313933,22-Jan-19,Texas,Odessa,N Jackson Ave,0,0,N/A
1309579,22-Jan-19,Pennsylvania,Pittsburgh,Wallace Ave,0,0,N/A
1309611,22-Jan-19,Rhode Island,Providence,Ohio Ave,0,0,N/A
1309572,22-Jan-19,Connecticut,Stamford,100 Greyrock Pl,0,0,N/A
1335029,21-Jan-19,Minnesota,Minneapolis,4000 block of N Aldrich Ave,0,0,N/A
1308057,21-Jan-19,Pennsylvania,Lansdowne (Yeadon),W Cobbs Creek Pkwy and Angora Ave,0,1,N/A
1312233,21-Jan-19,Florida,Cocoa Beach,100 block of Bougainvillea Dr,0,0,N/A
1307497,21-Jan-19,Louisiana,Luling,737 Paul Maillard Rd,1,0,N/A
1309498,21-Jan-19,Arkansas,Fort Smith,1500 block of N 52nd St,0,0,N/A
1308430,21-Jan-19,California,Bakersfield,800 block of South Haley St,0,0,N/A
1309455,21-Jan-19,North Carolina,High Point,232 Idol St,0,0,N/A
1311443,21-Jan-19,Kentucky,Scottsville,N/A,0,0,N/A
1308359,21-Jan-19,Florida,De Leon Springs,N/A,0,0,N/A
1308278,21-Jan-19,Massachusetts,Randolph,625 S Main St,0,0,N/A
1308234,21-Jan-19,Kentucky,Hopkinsville,Pennyrile Pkwy,0,0,N/A
1308280,21-Jan-19,Tennessee,Memphis,N/A,0,0,N/A
1665369,21-Jan-19,Michigan,Morenci,Morenci Rd,1,0,N/A
1308125,21-Jan-19,Pennsylvania,Allentown,N 6th St and W Allen St,0,0,N/A
1308453,21-Jan-19,Oklahoma,Oklahoma City (Midwest City),1220 Lauren Ln,1,0,N/A
1309735,21-Jan-19,Maryland,Hagerstown,201 E Washington St,0,0,N/A
1309120,21-Jan-19,Pennsylvania,Pittsburgh (Plum),Douglas Fir Dr,0,0,N/A
1453265,21-Jan-19,Connecticut,Milford,1590 Boston Post Rd,0,0,N/A
1309610,21-Jan-19,Texas,Abilene,3400 block of Santa Monica Dr,0,0,N/A
1307481,21-Jan-19,Louisiana,Baton Rouge,N/A,0,0,N/A
1320314,20-Jan-19,District of Columbia,Washington,200 block of 61st St NE,0,0,N/A
1309561,20-Jan-19,Michigan,Houghton Lake,M-55 and Tower Hill Rd,0,0,N/A
1308407,20-Jan-19,Missouri,Kansas City,Grandview Rd and E Red Bridge Rd,0,0,N/A
1309454,20-Jan-19,North Carolina,High Point,1404 Leonard Ave,0,0,N/A
1306586,20-Jan-19,North Carolina,High Point,400 block of Vail Ave,0,1,N/A
1309439,20-Jan-19,North Carolina,Goldsboro,139 Mooring Ln,0,0,N/A
1308336,20-Jan-19,Alabama,Gadsden,1800 block of Truman St,0,0,N/A
1521452,20-Jan-19,Texas,Pleasanton,N/A,0,0,N/A
1309308,20-Jan-19,Tennessee,Nashville,Love Cir,0,0,N/A
1307251,20-Jan-19,Texas,Dallas,7100 block of Sierra Way,0,2,N/A
1307196,20-Jan-19,Kentucky,Hopkinsville,Canton St,0,0,N/A
1317464,20-Jan-19,Pennsylvania,Harrisburg,600 block of Wiconisco St,0,0,N/A
1306562,20-Jan-19,Kentucky,Louisville,600 block of S 35th St,0,1,N/A
1307111,20-Jan-19,Pennsylvania,Bensalem,Konefal St,0,0,N/A
1307911,20-Jan-19,Florida,Ocala,Bahia Pass,0,0,N/A
1306411,20-Jan-19,Pennsylvania,Acme,5157 Shady Ln,0,0,N/A
1308953,20-Jan-19,Maryland,Middletown,400 block of Glenbrook Dr,0,0,N/A
1306444,20-Jan-19,Montana,Billings,2209 1st Ave N,1,0,N/A
1308739,20-Jan-19,Colorado,Grand Junction,D Rd and 30 Rd,0,0,N/A
1306753,20-Jan-19,New York,Buffalo,4 Maryner Home,0,0,N/A
1308462,20-Jan-19,California,Fairfield,3000 block of N Texas St,0,0,N/A
1308563,20-Jan-19,Texas,Plano (Murphy),1031 N Murphy Rd,0,1,N/A
1308485,19-Jan-19,California,Atwater,1300 block of Packers St,0,0,N/A
1308477,19-Jan-19,California,Chowchilla,N/A,0,0,N/A
1311546,19-Jan-19,Louisiana,New Orleans,Lafitte Ave and N Galvez St,0,0,N/A
1310293,19-Jan-19,Oklahoma,Bartlesville,1600 block of W 6th St,0,0,N/A
1310280,19-Jan-19,Michigan,Kingston,5790 State St,0,0,N/A
1309447,19-Jan-19,North Carolina,High Point,831 Randolph St,0,0,N/A
1307177,19-Jan-19,Virginia,Newport News,Heritage Way and Campbell Rd,0,0,N/A
1386508,19-Jan-19,Connecticut,Milford,Naugatuck Ave,0,1,N/A
1305620,19-Jan-19,New Jersey,Bayonne,Ave B and W 51st St,0,1,N/A
1307975,19-Jan-19,Ohio,Sandusky,200 block of Center St,0,0,N/A
1308228,19-Jan-19,Kentucky,Hopkinsville,1848 Greenville Rd Apt D,0,0,N/A
1309018,19-Jan-19,New Jersey,Trenton,100 block of Centre St,0,0,N/A
1306187,19-Jan-19,District of Columbia,Washington,1200 block of Pennsylvania Ave SE,0,0,N/A
1307841,19-Jan-19,Illinois,Elmhurst,800 block of Hillcrest Ave,0,0,N/A
1305513,19-Jan-19,District of Columbia,Washington,900 block of U St NW,0,1,N/A
1306127,19-Jan-19,Maryland,Westernport,Vine St,0,0,N/A
1306815,19-Jan-19,New York,Endicott,100 block of Lincoln Ave,0,0,N/A
1306705,18-Jan-19,Massachusetts,Boston,80 Fenwood Rd,0,0,N/A
1305602,18-Jan-19,Pennsylvania,York,600 block of Chestnut St,0,1,N/A
1306670,18-Jan-19,New York,Jamestown,McKinley Ave and Charles St,0,0,N/A
1307436,18-Jan-19,Oklahoma,Duncan,3600 block of E Elk Dr,0,0,N/A
1305380,18-Jan-19,Illinois,East Saint Louis,N 18th St and Ridge Ave,0,1,N/A
1304718,18-Jan-19,Virginia,Chesapeake,Vicker Ave,0,1,N/A
1306524,18-Jan-19,California,Oxnard,Spruce St and E St,0,0,N/A
1319363,18-Jan-19,Pennsylvania,York,10 block of S Belvidere Ave,0,0,N/A
1308424,18-Jan-19,Tennessee,Memphis,3655 Southern Ave,0,0,N/A
1306435,18-Jan-19,Florida,Tallahassee,1200 block of N Duval St,0,0,N/A
1351599,18-Jan-19,Utah,Orem,N/A,0,0,N/A
1491326,18-Jan-19,Arizona,Safford,7080 S US-191,2,0,N/A
1304475,18-Jan-19,Florida,Ocala,NE 9th Ave and NE 33rd St,0,1,N/A
1322243,18-Jan-19,Indiana,Indianapolis,3300 block N Manor Ct,0,0,N/A
1304312,18-Jan-19,Maryland,White Plains,11230 Saint Christopher Dr,0,0,N/A
1306898,18-Jan-19,Illinois,Rantoul,1900 block of US 136,0,0,N/A
1305271,18-Jan-19,West Virginia,Bunker Hill,9734 Winchester Ave,0,0,N/A
1305269,18-Jan-19,Texas,Edinburg,4500 block of W Rogers Rd,0,0,N/A
1305259,18-Jan-19,Missouri,O Fallon (Ofallon),1000 block of Mission Hills Dr,1,0,N/A
1306060,18-Jan-19,Washington,Spokane,2300 block of E Rich Ave,0,0,N/A
1308903,18-Jan-19,Massachusetts,Taunton,23 State St,0,0,N/A
1305192,18-Jan-19,Massachusetts,Worcester,30 Wellington St,0,0,N/A
1396533,18-Jan-19,Connecticut,Waterbury,Meriden Rd,0,0,N/A
1341987,18-Jan-19,Massachusetts,North Adams,Eagle St,0,0,N/A
1306744,18-Jan-19,Massachusetts,Boston,Blue Hill Ave and Edgewood St,0,0,N/A
1304522,17-Jan-19,Tennessee,Memphis,3200 block of Castleman St,0,2,N/A
1304909,17-Jan-19,North Carolina,Old Fort,Catawba Ave,0,0,N/A
1308417,17-Jan-19,California,Bakersfield,2600 Christmas Tree Ln,0,0,N/A
1303420,17-Jan-19,Nebraska,Lincoln,1606 N 31st St,0,0,N/A
1304817,17-Jan-19,New Jersey,Paterson,Fair St and E 18th St,0,0,N/A
1303805,17-Jan-19,New York,Bronx,Tinton Ave,0,0,N/A
1303648,17-Jan-19,Arkansas,Blytheville,400 block of Summit St,0,0,N/A
1305660,17-Jan-19,Pennsylvania,Bethlehem,600 block of Pierce St,0,0,N/A
1304714,17-Jan-19,Texas,San Antonio,12808 Ih-10 W,0,1,N/A
1571909,17-Jan-19,Kentucky,Louisville,8620 Preston Hwy,0,0,N/A
1345113,17-Jan-19,Florida,Ocala,NW Blitchton Rd and NW 33rd Ave,1,0,N/A
1305187,17-Jan-19,Massachusetts,Chicopee,Grattan Street,0,0,N/A
1304482,17-Jan-19,Pennsylvania,Honesdale,1199 Texas Palmyra Hwy D,0,0,N/A
1305283,17-Jan-19,Illinois,Romeoville,Weber Rd and Airport Rd,1,0,N/A
1305162,17-Jan-19,Massachusetts,Weymouth,512 Main St,0,2,N/A
1306178,17-Jan-19,Maryland,Smithsburg,12035 Itnyre Rd,0,0,N/A
1304376,17-Jan-19,New York,Buffalo,Hewitt Ave,0,0,N/A
1308957,17-Jan-19,Maryland,Lusby,MD-4 and Rousby Hall Rd,0,0,N/A
1316474,17-Jan-19,District of Columbia,Washington,3600 block of Livingston St NW,0,0,N/A
1305261,17-Jan-19,Missouri,Joplin,502 S St Charles Ave,0,0,N/A
1304923,17-Jan-19,North Carolina,High Point,1207 Filbert Place,0,2,N/A
1305156,17-Jan-19,Massachusetts,Brockton,19 Huntington St,0,1,N/A
1305125,17-Jan-19,California,Norco,1400 block of 6th St,0,0,N/A
1303874,17-Jan-19,Wisconsin,Wisconsin Rapids,2200 block of Boles St,0,0,N/A
1306747,17-Jan-19,New Jersey,Paterson,Broadway and Carroll St,0,0,N/A
1302345,16-Jan-19,Kentucky,Gray,10354 N US 25E,1,0,N/A
1314478,16-Jan-19,Pennsylvania,Levittown,Indigo Rd,1,0,N/A
1303360,16-Jan-19,New Jersey,Randolph,961 NJ 10,0,1,N/A
1303547,16-Jan-19,Alabama,Huntsville,3001 Memorial Pkwy SW,2,1,N/A
1302467,16-Jan-19,Kentucky,Louisville,S 4th St and W Kentucky St,0,1,N/A
1304031,16-Jan-19,District of Columbia,Washington,4300 block of Hunt Pl NE,0,0,N/A
1304294,16-Jan-19,Maryland,Frederick,5300 block of Regal Ct,0,0,N/A
1305100,16-Jan-19,Nevada,Reno,La Guardia Ln,2,0,N/A
1304488,16-Jan-19,Pennsylvania,Wilkes Barre,Park Ave and Hill St,0,0,N/A
1303380,16-Jan-19,New York,Valley Stream,N/A,0,0,N/A
1304463,16-Jan-19,Florida,Leesburg,900 block of W Main St,0,0,N/A
1449889,16-Jan-19,Maryland,Annapolis,1165 Madison St,0,0,N/A
1307106,16-Jan-19,Tennessee,Chattanooga,4500 block of Fagan St,0,0,N/A
1303022,16-Jan-19,Missouri,Kansas City,I-70 and The Paseo,1,0,N/A
1313538,16-Jan-19,New York,Pleasant Valley,Taconic State Parkway,0,0,N/A
1304359,16-Jan-19,Indiana,Fort Wayne,4216 Plaza Dr,0,0,N/A
1306154,16-Jan-19,Maryland,Waldorf,Smallwood Dr and US-301,0,0,N/A
1306939,16-Jan-19,Illinois,Kankakee,700 block of S Elm Ave,0,0,N/A
1302114,16-Jan-19,Maryland,Silver Spring,1100 Wayne Ave,1,0,N/A
1304170,16-Jan-19,Iowa,Waterloo,1505 Logan Ave,0,0,N/A
1304142,16-Jan-19,Oregon,Grants Pass,116 SW H St,0,0,N/A
1305224,16-Jan-19,California,Indio,N/A,0,0,N/A
1304066,16-Jan-19,Texas,Midlothian,1501 West Main St,0,0,N/A
1305154,16-Jan-19,California,Watsonville,200 block of Martinelli St,0,0,N/A
1349009,16-Jan-19,Connecticut,Putnam,School St,0,0,N/A
1303944,16-Jan-19,Massachusetts,Boston,476 Blue Hill Ave,0,0,N/A
1303556,16-Jan-19,California,Red Bluff,16515 River Heights Dr,2,0,N/A
1303927,16-Jan-19,Massachusetts,Springfield,600 State St,0,0,N/A
1302926,15-Jan-19,New Hampshire,Manchester,300 block of Lake Ave,0,0,N/A
1309054,15-Jan-19,Pennsylvania,Windber,Garden Dr,0,0,N/A
1302587,15-Jan-19,Maryland,Baltimore,2300 block of Cedley St,0,0,N/A
1304653,15-Jan-19,South Carolina,Orangeburg,1000 Presidential Dr,0,0,N/A
1302515,15-Jan-19,Kentucky,Benton,E 18th St,0,0,N/A
1301250,15-Jan-19,Georgia,Norcross,4455 Steve Reynolds Blvd,0,0,N/A
1301273,15-Jan-19,District of Columbia,Washington,1200 North Capitol St NW,1,0,N/A
1302504,15-Jan-19,Kentucky,Louisville,4000 block of Pixley Way,1,0,N/A
1301227,15-Jan-19,Missouri,Saint Louis,3431 Union Blvd,1,0,N/A
1305496,15-Jan-19,Kansas,Parsons,2500 block of Corning Ave,0,0,N/A
1304908,15-Jan-19,North Carolina,Winterville,700 block of Emerald Dr,0,0,N/A
1302319,15-Jan-19,Ohio,Alliance,400 block of S Union Ave,0,0,N/A
1302168,15-Jan-19,New Jersey,Bloomfield,1 Municipal Plaza,1,0,N/A
1301052,15-Jan-19,Ohio,Canton,400 block of Cleveland Ave NW,0,0,N/A
1302093,15-Jan-19,Maryland,Hagerstown,155 Summer St,0,1,N/A
1303226,15-Jan-19,Maryland,Baltimore,2400 block of Woodbrook Ave,0,0,N/A
1303222,15-Jan-19,Maryland,Baltimore,E Clement St and Henry St,0,0,N/A
1337622,15-Jan-19,District of Columbia,Washington,4400 block of Benning Rd NE,0,0,N/A
1303203,15-Jan-19,Indiana,Fort Wayne,3302 McKinnie Ave,0,0,N/A
1303047,15-Jan-19,Michigan,Battle Creek,200 block of Goguac St W,0,1,N/A
1301917,15-Jan-19,Connecticut,Norwich,16 Laurel Hill Ave,0,0,N/A
1301897,15-Jan-19,Connecticut,Bridgeport,Noble Ave and Crescent Ave,0,0,N/A
1301840,15-Jan-19,Massachusetts,Worcester,Holcomb St,0,0,N/A
1301860,15-Jan-19,Massachusetts,Agawam,Silver St,0,0,N/A
1303024,15-Jan-19,Massachusetts,Springfield,Sherman St,0,0,N/A
1303011,15-Jan-19,Massachusetts,Boston,21 Warren St,0,0,N/A
1301827,15-Jan-19,Massachusetts,Boston,5 Cardington St,0,0,N/A
1303008,15-Jan-19,Massachusetts,Boston,Blue Hill Ave and Waverly St,0,0,N/A
1303002,15-Jan-19,Massachusetts,Stoughton,445 Central St,0,0,N/A
1302998,15-Jan-19,Massachusetts,Boston,Geneva Ave and Olney St,0,0,N/A
1303252,15-Jan-19,Maryland,Hancock,US 40 and I-70,0,0,N/A
1301591,14-Jan-19,Oklahoma,Enid,2104 E Elm Ave,0,0,N/A
1301583,14-Jan-19,California,Bakersfield,1300 block of Flower St,0,0,N/A
1300720,14-Jan-19,New Hampshire,Portsmouth,43 Holiday Dr,0,0,N/A
1310227,14-Jan-19,Illinois,Aurora,Superior St and N Loucks St,0,0,N/A
1310208,14-Jan-19,Illinois,Aurora,Superior St and N Loucks St,0,0,N/A
1301389,14-Jan-19,New Jersey,Paterson,N 3rd St,0,0,N/A
1300567,14-Jan-19,Alabama,Sheffield,3400 block of NE 15th Ave,0,0,N/A
1300452,14-Jan-19,Tennessee,Antioch,553 Roxanne Dr,0,1,N/A
1301033,14-Jan-19,Florida,Delray Beach,400 block of Villa Cir,0,0,N/A
1304558,14-Jan-19,New York,Levittown,Polaris Dr,0,0,N/A
1397804,14-Jan-19,Pennsylvania,Honesdale,Butternut Flats Rd,0,1,N/A
1301222,14-Jan-19,Tennessee,Knoxville,Forest Ave and 13th St,0,0,N/A
1304926,14-Jan-19,Arizona,Kingman,Van Nuys Rd,0,0,N/A
1301310,14-Jan-19,Indiana,South Bend,600 block of N Cushing St,0,1,N/A
1302189,14-Jan-19,New Jersey,Atlantic City,1300 block of Atlantic Ave,0,0,N/A
1300376,14-Jan-19,New Jersey,Jersey City,Rose Ave and McAdoo Ave,0,0,N/A
1300296,14-Jan-19,South Carolina,West Columbia,2206 Airport Blvd,0,0,N/A
1301032,14-Jan-19,Florida,Boca Raton,3200 block of Airport Rd,0,0,N/A
1301031,14-Jan-19,Florida,West Palm Beach,4200 block of 42nd Way,0,0,N/A
1302100,14-Jan-19,New York,Elmira,400 block of W Third St,0,0,N/A
1302084,14-Jan-19,District of Columbia,Washington,13th St NW and L St NW,0,0,N/A
1302082,14-Jan-19,District of Columbia,Washington,600 block of 49th Pl NE,0,0,N/A
1301854,14-Jan-19,Massachusetts,Chicopee,21 Vivian St,0,0,N/A
1301400,14-Jan-19,New Jersey,Newark,S 6th St,0,0,N/A
1299491,13-Jan-19,Alabama,Birmingham,700 block of 5th Ave N,1,2,N/A
1311533,13-Jan-19,Louisiana,West Monroe,100 block of Keller St,0,0,N/A
1300113,13-Jan-19,Ohio,Dayton,N Garland Ave,1,0,N/A
1710115,13-Jan-19,Michigan,Kalamazoo,4000 block of Grand Prairie Rd,0,0,N/A
1302108,13-Jan-19,Illinois,Roselle,280 Springhill Dr,1,0,N/A
1299784,13-Jan-19,Indiana,Bloomfield,11064 IN 54,0,0,N/A
1300508,13-Jan-19,Virginia,Norfolk,900 block of Armfield Cir,0,1,N/A
1299680,13-Jan-19,Arizona,Phoenix,2445 E Van Buren St,1,5,N/A
1305111,13-Jan-19,Nevada,Gardnerville,Dresslerville Rd,1,0,N/A
1299620,13-Jan-19,New Jersey,Newark,Broadway and Herbert Pl,0,0,N/A
1299814,13-Jan-19,Colorado,Colorado Springs,1100 block of Maxwell St,0,0,N/A
1300253,13-Jan-19,New Jersey,Bayonne,50 Kennedy Blvd,0,0,N/A
1299513,13-Jan-19,District of Columbia,Washington,4600 block of S Capitol St SE,0,0,N/A
1300876,13-Jan-19,Michigan,Battle Creek,50 block of Post Ave,0,0,N/A
1301915,13-Jan-19,Mississippi,Natchez,215 Alabama St,0,0,N/A
1300868,13-Jan-19,Wisconsin,Pembine,N 18344 Petite Ln,1,0,N/A
1301863,12-Jan-19,Mississippi,Greenwood,700 E Martin Luther King Jr Dr,1,1,N/A
1299909,12-Jan-19,New York,Jamestown,45 Franklin St,0,0,N/A
1299812,12-Jan-19,Colorado,Colorado Springs,1700 block of Wildwood Pass Dr,0,0,N/A
1300560,12-Jan-19,Kentucky,Louisville,N/A,0,0,N/A
1302472,12-Jan-19,Illinois,Normal,700 block of Orlando Ave,0,0,N/A
1299383,12-Jan-19,Louisiana,Saint Rose (St Rose),184 2nd St,1,0,N/A
1299030,12-Jan-19,Tennessee,Franklin,3600 Mallory Ln,0,0,N/A
1299021,12-Jan-19,North Carolina,Salisbury,1000 block of Old Plank Rd,0,0,N/A
1302393,12-Jan-19,Tennessee,Memphis,614 S Highland St,0,0,N/A
1299800,12-Jan-19,Utah,Salt Lake City,359 N Star Crest Dr,1,0,N/A
1317809,12-Jan-19,Oklahoma,Kingfisher,Shafenberg Rd,0,0,N/A
1300328,12-Jan-19,Pennsylvania,Reading,1800 block of Portland Ave,0,0,N/A
1300266,12-Jan-19,New Jersey,Medford,Hopewell Rd and Breakneck Rd,0,0,N/A
1299643,12-Jan-19,New York,Watervliet,N/A,0,1,N/A
1299581,12-Jan-19,Maryland,Baltimore,2300 Fleet St,1,0,N/A
1300943,12-Jan-19,Maryland,Boonsboro,21310 Mount Lena Rd,0,0,N/A
1300033,12-Jan-19,Massachusetts,Boston,42 Forbes St,0,0,N/A
1299403,12-Jan-19,South Dakota,Rosebud (Rosebud Indian Reservation),N/A,0,0,N/A
1299661,12-Jan-19,Texas,New Braunfels,1275 N I-35 Frontage Rd,0,1,N/A
1300008,12-Jan-19,Massachusetts,Boston,42 Neponset Ave,0,0,N/A
1299395,12-Jan-19,Massachusetts,Lawrence,329 High St,0,1,N/A
1299411,11-Jan-19,Connecticut,Hartford,898 Garden St,0,0,N/A
1302931,11-Jan-19,New Hampshire,Manchester,Lake Ave and Lincoln St,0,0,N/A
1300769,11-Jan-19,California,Merced,600 block of W 11th St,0,0,N/A
1301449,11-Jan-19,Massachusetts,Chicopee,13 Lauzier Terrace,0,0,N/A
1298531,11-Jan-19,Ohio,Columbus,3223 Allegheny Ave,0,0,N/A
1298519,11-Jan-19,Virginia,Dinwiddie,11501 Boisseau Rd,0,0,N/A
1298766,11-Jan-19,Texas,Arlington,1701 W Randol Mill Rd,1,1,N/A
1300528,11-Jan-19,Tennessee,Greeneville,935 E W Andrew Johnson Hwy,0,0,N/A
1300140,11-Jan-19,Florida,West Palm Beach,3505 Shiloh Dr,0,0,N/A
1298822,11-Jan-19,Louisiana,Shreveport,3201 Line Ave,0,0,N/A
1298481,11-Jan-19,North Carolina,Asheville,574 Haywood Rd,1,0,N/A
1301741,11-Jan-19,Oregon,Portland,SE Caruthers St,0,0,N/A
1301093,11-Jan-19,Pennsylvania,Allentown,10 block of E Susquehanna St,0,0,N/A
1299122,11-Jan-19,Maryland,Mardela Springs,204 Branch St,0,0,N/A
1303246,11-Jan-19,Maryland,Hagerstown,11200 block of Scarlet Oak Dr,0,0,N/A
1300945,11-Jan-19,Maryland,Hagerstown,603 W Church St,0,0,N/A
1303248,11-Jan-19,Maryland,Lexington Park,20100 block of Olympia Ct,0,0,N/A
1307353,11-Jan-19,Massachusetts,Pittsfield,Woodlawn Ave,0,0,N/A
1304161,11-Jan-19,Florida,Windermere,300 Main St,0,0,N/A
1299225,11-Jan-19,Pennsylvania,Berlin Township,N/A,0,1,N/A
1303828,11-Jan-19,North Carolina,Ayden,Stokestown St John Rd,0,0,N/A
1314144,11-Jan-19,Ohio,Independence (Seven Hills),Crescent Ridge Dr,0,0,N/A
1299118,11-Jan-19,Maryland,Federalsburg,MD-392,0,0,N/A
1297894,10-Jan-19,Alabama,Eclectic,Mosley Dr,1,0,N/A
1297524,10-Jan-19,Tennessee,Madison,201 E Palestine Ave,1,0,N/A
1299968,10-Jan-19,New York,Corona (Queens),104-36 Rockaway Blvd,0,0,N/A
1297761,10-Jan-19,Oklahoma,Duncan,N/A,0,0,N/A
1299237,10-Jan-19,Nebraska,Lincoln,1626 D St,0,0,N/A
1304828,10-Jan-19,Colorado,Cripple Creek,N/A,0,0,N/A
1298683,10-Jan-19,Nebraska,Omaha,3700 Cook Plaza,1,0,N/A
1302531,10-Jan-19,North Carolina,Greenville,3428 S Memorial Dr,0,0,N/A
1299113,10-Jan-19,Colorado,Clifton,32 1/8 Rd and E Rd,0,0,N/A
1477930,10-Jan-19,West Virginia,Charleston,1696 E Washington St,0,0,N/A
1298392,10-Jan-19,South Carolina,Greenville,1115 Woodruff Rd,0,0,N/A
1297628,10-Jan-19,New York,Bay Shore,Atlantic Ave,0,0,N/A
1297195,10-Jan-19,New York,Bay Shore (West Bay Shore),Flower Hill La,0,0,N/A
1299765,10-Jan-19,Nebraska,Kearney,606 W 9th St,0,0,N/A
1305109,10-Jan-19,Nevada,Gardnerville,James Rd,1,0,N/A
1298202,10-Jan-19,Florida,Jacksonville,103rd St,0,0,N/A
1297198,10-Jan-19,District of Columbia,Washington,2600 block of 3rd St NE,0,1,N/A
1298149,10-Jan-19,New York,Central Islip,Cone Ave,0,0,N/A
1297650,10-Jan-19,Michigan,Flint,5101 Cloverlawn Dr,0,0,N/A
1297970,10-Jan-19,Massachusetts,Boston,776 Washington St,0,0,N/A
1297954,10-Jan-19,Massachusetts,Boston,6 Brook Ave,0,0,N/A
1536899,10-Jan-19,Nebraska,Omaha,I St and S 23rd St,0,0,N/A
1297917,10-Jan-19,Alabama,Waterloo,Lauderdale 148,0,0,N/A
1303703,10-Jan-19,Missouri,Raymondville,Farrell Ln,0,0,N/A
1305870,10-Jan-19,Ohio,North Olmsted,Lorain Rd,0,0,N/A
1297882,9-Jan-19,New Hampshire,Manchester,29 Prospect St,0,0,N/A
1298022,9-Jan-19,Massachusetts,Barnstable,411 Main St,0,0,N/A
1298033,9-Jan-19,Washington,Spokane (Spokane Valley),400 block of N Sommer Rd,0,0,N/A
1304868,9-Jan-19,Missouri,Sedalia,24000 block of Oak Grove Ln,1,0,N/A
1300635,9-Jan-19,Colorado,Rifle,310 W 3rd St,0,0,N/A
1297704,9-Jan-19,Virginia,Bristol,15483 Lee Hwy,0,0,N/A
1296812,9-Jan-19,Georgia,Twin City,102 S College St,0,0,N/A
1299178,9-Jan-19,California,Mc Farland (Mcfarland),200 San Lucas St,0,0,N/A
1299175,9-Jan-19,California,Mc Farland (Mcfarland),1st St,0,0,N/A
1296775,9-Jan-19,Georgia,Waynesboro,356 Southside Dr,0,0,N/A
1297244,9-Jan-19,Pennsylvania,Lancaster,100 block of Beaver St,0,0,N/A
1298746,9-Jan-19,Florida,Wildwood,FL 44 and Co Rd 231,0,0,N/A
1297644,9-Jan-19,New York,Elmsford,W Main St,0,0,N/A
1296873,9-Jan-19,Louisiana,New Orleans,2600 block of Dumaine St,1,2,N/A
1297592,9-Jan-19,Florida,West Palm Beach,7071 Garden Rd,0,0,N/A
1309242,9-Jan-19,Florida,Tallahassee,2900 block of Park Ave,0,0,N/A
1299053,9-Jan-19,Michigan,Inkster,Liberty St and Burton St,0,0,N/A
1297510,9-Jan-19,Nevada,North Las Vegas,Coleman St and San Miguel Ave,1,0,N/A
1298322,9-Jan-19,Ohio,Sandusky,600 block of Ogontz St,0,0,N/A
1297420,9-Jan-19,Nebraska,Lincoln,N 33rd St and Dudley St,0,0,N/A
1297172,9-Jan-19,Wisconsin,Milwaukee,S 70th St and W O'Connor St,1,0,N/A
1297736,9-Jan-19,New Jersey,Bound Brook,Farm Ln,1,0,N/A
1297120,9-Jan-19,Maine,Lewiston,64 Oxford St,0,0,N/A
1296963,9-Jan-19,Louisiana,Shreveport,1633 Midway Ave,1,0,N/A
1297048,9-Jan-19,Florida,Parrish,4727 100th Dr E,0,1,N/A
1298010,9-Jan-19,Massachusetts,Brockton,125 Oak St,0,0,N/A
1297980,9-Jan-19,Massachusetts,Boston,Geneva Ave and Park St,0,0,N/A
1297978,9-Jan-19,Massachusetts,Boston,Columbia Rd and Geneva Ave,0,0,N/A
1297973,9-Jan-19,Massachusetts,Boston,49 Mather St,0,0,N/A
1297952,9-Jan-19,Massachusetts,Boston,Park St,0,0,N/A
1297116,9-Jan-19,Massachusetts,Boston,5 Brinton St,0,1,N/A
1296017,8-Jan-19,Connecticut,Groton,8 Orion Ave,1,0,N/A
1297817,8-Jan-19,Colorado,Walsenburg,N/A,0,0,N/A
1326947,8-Jan-19,New York,Brooklyn,Remsen Ave and Ave D,0,0,N/A
1296937,8-Jan-19,Montana,Billings,1044 Cook Ave,0,0,N/A
1316888,8-Jan-19,Virginia,Afton,6000 block of Plank Rd,0,0,N/A
1296106,8-Jan-19,New Jersey,Garfield,Farnham Ave,0,1,N/A
1295833,8-Jan-19,Virginia,Blairs,9181 US 29,1,0,N/A
1301312,8-Jan-19,Georgia,Moultrie,599 Clarence Jones Rd,0,0,N/A
1301308,8-Jan-19,Georgia,Moultrie,513 Clarence Jones Rd,0,0,N/A
1296639,8-Jan-19,Ohio,Hamilton,Park Ave and F St,0,0,N/A
1295773,8-Jan-19,Ohio,Dayton,5833 Student St,0,0,N/A
1299041,8-Jan-19,California,Fresno,E Belmont Ave and N 6th St,0,0,N/A
1298008,8-Jan-19,Missouri,Lebanon,777 Brice St,0,0,N/A
1300364,8-Jan-19,Illinois,East Saint Louis (Cahokia),1308 Morning Star Dr,0,0,N/A
1297519,8-Jan-19,Tennessee,Nashville,Clarksville Park,0,0,N/A
1298257,8-Jan-19,New Jersey,Atlantic City,1500 block of Sewell Ave,0,0,N/A
1296435,8-Jan-19,Ohio,Alliance,100 block of S McKinley Ave,0,0,N/A
1295689,8-Jan-19,Pennsylvania,Carmichaels,15 Biddle Acres,0,0,N/A
1297282,8-Jan-19,Ohio,Springfield,155 E Grand Ave,0,0,N/A
1296950,8-Jan-19,North Carolina,Lexington,4577 N NC 150,0,0,N/A
1297231,8-Jan-19,Maryland,Lexington Park,21847 Three Notch Rd,0,0,N/A
1296881,8-Jan-19,South Carolina,Loris,Hwy 917,0,0,N/A
1298098,8-Jan-19,Ohio,Middletown,1500 block of Oxford State Rd,0,0,N/A
1296479,8-Jan-19,Michigan,Howell,3883 E Grand River Ave,0,0,N/A
1296013,8-Jan-19,Connecticut,New Haven,451 Greenwich Ave,0,1,N/A
1296429,7-Jan-19,Pennsylvania,Slippery Rock,1200 block of Copper Rd,0,0,N/A
1294986,7-Jan-19,Tennessee,Dunlap,7067 TN 28,0,0,N/A
1295976,7-Jan-19,Maryland,Baltimore,7912 Belair Rd,0,1,N/A
1296847,7-Jan-19,Indiana,Lafayette,2819 South St,0,0,N/A
1304228,7-Jan-19,Texas,Harker Heights,300 block of West Valley Rd,0,2,N/A
1294790,7-Jan-19,Maryland,Greenbelt,7900 block of Mandan Rd,0,0,N/A
1295937,7-Jan-19,Colorado,Boulder,1111 Broadway,0,0,N/A
1294752,7-Jan-19,Virginia,Wirtz,Bonbrook Mill Rd and Wirtz Rd,0,1,N/A
1294740,7-Jan-19,New York,Bethany,N/A,0,0,N/A
1299950,7-Jan-19,Tennessee,Rogersville,7495 US 11W,0,0,N/A
1294727,7-Jan-19,New York,Utica,1303 Lincoln Ave,1,0,N/A
1299286,7-Jan-19,Michigan,Hartford,54th Ave,0,0,N/A
1297841,7-Jan-19,Wisconsin,Milwaukee,Richards St and Clarke St,0,0,N/A
1295751,7-Jan-19,Ohio,Canton,300 block of 9th St NE,0,0,N/A
1294438,7-Jan-19,District of Columbia,Washington,I-295 and Malcolm X Ave SE,0,1,N/A
1298961,7-Jan-19,South Carolina,Ridgeland,Orange Grove Rd,0,1,N/A
1295643,7-Jan-19,New Jersey,Trenton,Walnut Ave and Chambers St,0,0,N/A
1297394,7-Jan-19,Tennessee,Springfield,Old Coopertown Rd,0,0,N/A
1295636,7-Jan-19,New Jersey,Trenton,Spring St,0,0,N/A
1296415,7-Jan-19,New Jersey,Paterson,32 Market St,0,0,N/A
1295985,7-Jan-19,District of Columbia,Washington,3000 block of Bladensburg Rd NE,0,0,N/A
1295324,7-Jan-19,Illinois,Chicago,2000 block of W 63rd St,1,0,N/A
1295058,7-Jan-19,Massachusetts,Methuen,170 Haverhill St,0,1,N/A
1296131,7-Jan-19,Oregon,Aumsville,Albus Rd SE,0,0,N/A
1295064,7-Jan-19,Connecticut,Waterbury,144 Spring Brook Rd,0,0,N/A
1295017,6-Jan-19,Massachusetts,Webster,40 Lake St,0,0,N/A
1294958,6-Jan-19,Kansas,Salina,200 block of S Baker St,0,0,N/A
1295281,6-Jan-19,Florida,Branford,N/A,0,2,N/A
1294788,6-Jan-19,California,Stockton,200 block of W Fifth St,0,0,N/A
1299139,6-Jan-19,Florida,Islamorada,US 1,0,0,N/A
1295051,6-Jan-19,Vermont,Springfield,818 Charlestown Rd,0,1,N/A
1296906,6-Jan-19,California,Sacramento,Seavey Circle,0,0,N/A
1294434,6-Jan-19,Nevada,Las Vegas,Kraemer Dr and Brandywine Way,0,1,N/A
1295868,6-Jan-19,Illinois,Pittsfield,400 block of N Monroe St,0,0,N/A
1294204,6-Jan-19,Idaho,Meridian,4943 W Charles St,3,0,N/A
1299636,6-Jan-19,Ohio,Cleveland (Pepper Pike),Creekside Dr,0,0,N/A
1294215,6-Jan-19,South Carolina,Greenville,3803 White Horse Rd,0,1,N/A
1295758,6-Jan-19,South Dakota,Sioux Falls,2701 E 6th St,0,0,N/A
1294267,6-Jan-19,South Dakota,Sioux Falls,600 block of South 4th Ave,1,0,N/A
1294275,6-Jan-19,Oregon,Portland,9600 block of SE Market St,1,0,N/A
1296203,6-Jan-19,Oklahoma,Enid,400 block of S Harrison St,0,1,N/A
1297742,6-Jan-19,Minnesota,Hibbing,N/A,1,0,N/A
1294470,6-Jan-19,New Jersey,Pleasantville,701 E Black Horse Pike,0,1,N/A
1294939,6-Jan-19,Illinois,Chicago,6000 block of W 63rd St,1,0,N/A
1294915,6-Jan-19,Kentucky,Lawrence (county),US-23,0,0,N/A
1293763,6-Jan-19,District of Columbia,Washington,3800 block of Minnesota Ave NE,0,0,N/A
1295343,6-Jan-19,Maryland,Annapolis,1100 block of Madison St,0,0,N/A
1294453,6-Jan-19,Maryland,Baltimore,3400 block of Merle Dr,0,0,N/A
1294448,6-Jan-19,Delaware,Frederica,50 block of 3rd St,0,0,N/A
1298002,6-Jan-19,Massachusetts,Cambridge,Massachusetts Ave and Vassar St,0,0,N/A
1294041,6-Jan-19,Missouri,Saint Louis,3751 Jefferson Ave,1,0,N/A
1295135,6-Jan-19,Alabama,Saraland,N/A,0,0,N/A
1294346,6-Jan-19,Georgia,Rome,131 Dodd Blvd SE,0,1,N/A
1293223,5-Jan-19,Virginia,Richmond,7700 block of Bannockbarn Dr,0,0,N/A
1295027,5-Jan-19,Massachusetts,Stoughton,William Kelley Rd,0,0,N/A
1296113,5-Jan-19,Nebraska,Lincoln,6800 P St,0,0,N/A
1294162,5-Jan-19,New York,Southport,918 Spruce St,0,0,N/A
1299284,5-Jan-19,New York,Hampton,NY-22A,0,0,N/A
1295970,5-Jan-19,Illinois,Decatur,W Marietta St and N Monroe St,0,0,N/A
1294061,5-Jan-19,Louisiana,New Orleans,2200 block of Martin Luther King Jr Blvd,0,0,N/A
1294085,5-Jan-19,Florida,Palmetto,600 block of 45th St E,0,0,N/A
1293299,5-Jan-19,Colorado,Pueblo,1100 block of Pine St,0,0,N/A
1294746,5-Jan-19,Virginia,Lynchburg,100 block of Watergate Dr,0,1,N/A
1293409,5-Jan-19,Florida,Haines City,373 Melbourn Drive,1,1,N/A
1294925,5-Jan-19,Colorado,Rocky Ford,700 block of Pine St,0,1,N/A
1295859,5-Jan-19,Illinois,Pittsfield,200 block of W Washington St,0,0,N/A
1294697,5-Jan-19,Iowa,Waterloo,3316 Kennedy Ln,0,0,N/A
1295946,5-Jan-19,Kansas,Leavenworth,700 block of Kiowa St,0,0,N/A
1637388,5-Jan-19,Georgia,Buford,N/A,0,0,N/A
1353750,5-Jan-19,South Carolina,Springfield,N/A,0,1,N/A
1294136,5-Jan-19,Utah,Orem,50 W University Parkway,1,1,N/A
1296199,5-Jan-19,Missouri,Nixa,Massey Blvd,0,0,N/A
1295701,5-Jan-19,Pennsylvania,Finleyville,557 Cortland Dr,0,0,N/A
1322948,5-Jan-19,Connecticut,Waterbury,Ridgewood St and Chestnut St,0,0,N/A
1295677,5-Jan-19,Pennsylvania,Altoona,800 block of 2nd Ave,0,0,N/A
1294655,5-Jan-19,Pennsylvania,Johnstown,700 block of Coleman Ave,0,0,N/A
1295827,5-Jan-19,New York,Mount Kisco,N Bedford Rd,0,0,N/A
1296445,5-Jan-19,Ohio,Elyria,Furnace St,0,0,N/A
1296336,5-Jan-19,New Mexico,Las Cruces,1745 E University Ave,0,0,N/A
1293315,5-Jan-19,Mississippi,Jackson,1500 block of Wingfield Dr,0,1,N/A
1296827,5-Jan-19,Tennessee,Nashville,1400 block of Dickerson Pk,0,0,N/A
1296119,5-Jan-19,Rhode Island,Tiverton,51 Allen St,0,1,N/A
1293652,5-Jan-19,Florida,Clearwater,N/A,0,0,N/A
1293559,5-Jan-19,Florida,Milton,SR 87,0,0,N/A
1293063,4-Jan-19,New Jersey,Atlantic City,1600 Absecon Blvd,1,1,N/A
1292385,4-Jan-19,Pennsylvania,Darby,1300 Park Ln,0,0,N/A
1294192,4-Jan-19,Wisconsin,Eau Claire (Brunswick),W3940 Mitchell Rd,0,0,N/A
1292950,4-Jan-19,Massachusetts,Brockton,57 French Ave,0,0,N/A
1293436,4-Jan-19,West Virginia,Bluefield (Brush Fork),Tile Rd,0,1,N/A
1292655,4-Jan-19,Pennsylvania,Homestead (Munhall),37 Grant St,0,0,N/A
1299169,4-Jan-19,New York,Syracuse,100 block of Dudley St,0,0,N/A
1292662,4-Jan-19,Kansas,Kansas City,S 12th St and Scott Ave,0,0,N/A
1292759,4-Jan-19,Kentucky,Lexington,Triple Crown Pkwy and Winchester Rd,0,0,N/A
1299149,4-Jan-19,Georgia,Macon,3000 block of Avon Rd,0,0,N/A
1292537,4-Jan-19,New York,Schenectady,I-90,0,0,N/A
1294642,4-Jan-19,New Jersey,Paterson,933 Main St,0,0,N/A
1293205,4-Jan-19,Tennessee,Memphis,Poplar Ave and N McLean Blvd,0,0,N/A
1297390,4-Jan-19,Indiana,Indianapolis (Lawrence),6850 E 21st St,0,0,N/A
1293564,4-Jan-19,Florida,Pensacola,Jefferson St,0,0,N/A
1293734,4-Jan-19,Michigan,Detroit,Harper Ave and Park Dr,0,1,N/A
1295350,4-Jan-19,Maryland,Frederick,I-70 and I-270,0,0,N/A
1293172,4-Jan-19,Tennessee,Sevierville,150 Winfield Dunn Pkwy,0,0,N/A
1299641,4-Jan-19,New York,Syracuse,504 Gifford St,0,0,N/A
1298430,4-Jan-19,South Carolina,Fort Mill,Pate Dr,0,0,N/A
1296437,4-Jan-19,Illinois,Oak Park,200 block of S Oak Park Ave,0,0,N/A
1294974,4-Jan-19,Idaho,Moscow,802 Troy Rd,0,1,N/A
1293724,4-Jan-19,California,Vallejo,Carrot Ln and Gillcrest Ave,0,0,N/A
1293444,4-Jan-19,Illinois,Rantoul,1300 block of S Cottage Grove Ave,0,0,N/A
1293035,4-Jan-19,Washington,Spokane,Pacific Ave and Browne St,0,0,N/A
1292260,4-Jan-19,Ohio,Hilliard,5000 block of Davidson Rd,0,0,N/A
1293715,4-Jan-19,California,Santa Rosa,900 block of Aston Ave,0,0,N/A
1292475,4-Jan-19,Nebraska,Gering,1955 1/2 3rd St,0,1,N/A
1293307,4-Jan-19,Mississippi,Columbia,721 Dale St,1,0,N/A
1292972,4-Jan-19,Montana,Bozeman,Summer View Ln,1,0,N/A
1297158,4-Jan-19,Minnesota,Jenkins,MN 371 and Rosewood St,0,0,N/A
1318233,3-Jan-19,New York,Staten Island,Jersey St,0,0,N/A
1291932,3-Jan-19,Kentucky,Somerset,511 University Dr,0,0,N/A
1291882,3-Jan-19,Kentucky,Henderson,2200 block of Holloway Lane,1,0,N/A
1299195,3-Jan-19,Oklahoma,Marlow,Marlow Dr,0,0,N/A
1299156,3-Jan-19,Georgia,Macon,2000 block of Cherry Ave,0,0,N/A
1292632,3-Jan-19,New York,Wallkill,I-87,0,0,N/A
1291613,3-Jan-19,Kentucky,Hopkinsville,E 13th St and Broad St,0,0,N/A
1292043,3-Jan-19,Connecticut,New Haven,Ferry St and Peck St,0,0,N/A
1298444,3-Jan-19,California,Milpitas,Arizona Ave and Dixon Rd,0,0,N/A
1300926,3-Jan-19,Delaware,Kent (county),N/A,0,0,N/A
1292481,3-Jan-19,Nebraska,Fairbury,1503 K St,0,0,N/A
1295015,3-Jan-19,Illinois,Dupo,McBride Ave,0,0,N/A
1299005,3-Jan-19,North Carolina,Elizabeth City,1001 W Ehringhaus St,0,0,N/A
1292287,3-Jan-19,Pennsylvania,Bethlehem,1115 Linden St,0,0,N/A
1292406,3-Jan-19,District of Columbia,Washington,4200 block of Foote St NE,0,0,N/A
1292903,3-Jan-19,Louisiana,Slidell,Brownswitch Rd,0,0,N/A
1292270,3-Jan-19,Ohio,Toledo,700 block of Avondale Ave,1,2,N/A
1291557,3-Jan-19,Texas,San Antonio,1400 block of Pleasanton Rd,1,0,N/A
1292276,3-Jan-19,Ohio,Youngstown,Bonnie Brae Ave and Rogers Ave,0,0,N/A
1292033,3-Jan-19,Michigan,Detroit,6300 block of Musket St,0,1,N/A
1293806,3-Jan-19,Maryland,Hagerstown,138 Winter St,0,0,N/A
1293729,3-Jan-19,California,Vallejo,Los Cerritos Dr,0,0,N/A
1297960,3-Jan-19,Massachusetts,Boston,Upham Ave,0,0,N/A
1297131,3-Jan-19,Massachusetts,Attleboro,Wall St,0,0,N/A
1293542,3-Jan-19,New Jersey,Saddle Brook,First St,0,0,N/A
1294118,2-Jan-19,Kentucky,Henderson,Breckenridge Dr,0,0,N/A
1290549,2-Jan-19,Pennsylvania,Mckeesport (White Oak),3000 block of State St,0,1,N/A
1290568,2-Jan-19,Delaware,Felton,100 block of Gelden Rd,0,0,N/A
1291683,2-Jan-19,Florida,Pensacola,1107 N Navy Blvd,0,0,N/A
1293186,2-Jan-19,Indiana,Milford,4569 W 1000 N,0,0,N/A
1291657,2-Jan-19,Florida,Jacksonville,Atlantic Blvd and St Johns Bluff Rd,0,0,N/A
1303033,2-Jan-19,Wisconsin,East Troy,W2000 block of Co Rd J,2,0,N/A
1294018,2-Jan-19,Pennsylvania,Middletown,134 S Union St,3,0,N/A
1291641,2-Jan-19,Florida,Jacksonville,Atlantic Blvd and St Johns Bluff Rd,1,0,N/A
1292345,2-Jan-19,Illinois,Peoria,612 S Western Ave,0,0,N/A
1299650,2-Jan-19,California,Tehachapi,400 block of Steuber Rd,0,0,N/A
1291548,2-Jan-19,Ohio,Cambridge,Quail Hollow Dr,0,0,N/A
1293165,2-Jan-19,Ohio,Cleveland (Cleveland Heights),Grosvenor Rd,0,0,N/A
1292310,2-Jan-19,New York,Staten Island,Major Ave and Lily Pond Ave,0,0,N/A
1292297,2-Jan-19,Maryland,Lexington Park,21800 block of Ronald Dr,0,0,N/A
1406027,2-Jan-19,New Hampshire,Manchester,Pearl St and Beech St,0,0,N/A
1291188,2-Jan-19,Washington,Spokane,6603 N Standard St,0,1,N/A
1292087,2-Jan-19,Oklahoma,Oklahoma City,900 block of SW 47th St,0,0,N/A
1292931,1-Jan-19,Massachusetts,Boston,Woodruff Way and Woodbole Ave,0,0,N/A
1292119,1-Jan-19,Wisconsin,Racine,1743 State St,0,1,N/A
1290421,1-Jan-19,New York,Buffalo,454 Pearl St,0,0,N/A
1289680,1-Jan-19,Pennsylvania,Pittsburgh,9th St and Liberty Ave,0,1,N/A
1291901,1-Jan-19,Florida,Ocala,Bahia Rd,0,0,N/A
1290007,1-Jan-19,Iowa,Cedar Falls,2205 College St,0,2,N/A
1289551,1-Jan-19,District of Columbia,Washington,8th St SE and I St SE,1,0,N/A
1290847,1-Jan-19,Tennessee,Selmer,405 Horner Ave,2,0,N/A
1290306,1-Jan-19,Minnesota,Saint Paul (White Bear Lake),5400 block of Centerville Rd,2,0,N/A
1292849,1-Jan-19,North Carolina,Rocky Mount,1400 block of Gay St,0,0,N/A
1289566,1-Jan-19,New York,Corona (Queens),56-70 136th St,0,0,N/A
1587035,1-Jan-19,Illinois,Chicago,N/A,0,0,N/A
1290037,1-Jan-19,Texas,Houston,4855 W Fuqua St,1,0,N/A
1292867,1-Jan-19,New York,Elmira,W Hudson St,0,0,N/A
1292838,1-Jan-19,New York,Schenectady,Fairview Ave and 6th St,0,0,N/A
1290087,1-Jan-19,South Dakota,Rapid City,1200 block of N Racine St,0,0,N/A
1610470,1-Jan-19,Connecticut,New Haven,Hamilton Street,0,0,N/A
1290358,1-Jan-19,Connecticut,East Haven,30 E Frontage Rd,0,0,N/A
1290109,1-Jan-19,California,Fresno,300 block of W Eden Ave,0,0,N/A
1291716,1-Jan-19,Florida,Pembroke Pines,NW 77th Way and Johnson St,0,0,N/A
1290614,1-Jan-19,Florida,Tavernier (Plantation Key),100 block of Key Heights Dr,0,0,N/A
1289861,1-Jan-19,Tennessee,Nashville,Tucker Rd and Hummingbird Dr,0,1,N/A
1291021,1-Jan-19,Ohio,Toledo,1100 block of Eastgate Rd,0,0,N/A
1290231,1-Jan-19,Texas,Corpus Christi,700 block of West Point Rd,0,2,N/A
1290903,1-Jan-19,Arkansas,Mountain Pine,107 7th St,0,1,N/A
1291343,1-Jan-19,Michigan,Sunfield,4000 block of E Musgrove Hwy,1,0,N/A
1290854,1-Jan-19,Texas,Houston,1000 Gulfgate Center Mall,0,1,N/A
1289836,1-Jan-19,Ohio,Cleveland,E 55th St and Woodland Ave,0,1,N/A
1290156,1-Jan-19,Nevada,Henderson,2300 Paseo Verde Pkwy,1,0,N/A
1290300,1-Jan-19,Kansas,Kansas City,900 block of S 57th Terrace,0,1,N/A
1290779,1-Jan-19,Louisiana,Kenner,3100 block of Bainbridge St,0,0,N/A
1291564,1-Jan-19,Ohio,Sandusky,500 block of Scott St,0,0,N/A
1295045,1-Jan-19,Connecticut,Norwich,Pearl St and Asylum St,0,2,N/A
1291534,1-Jan-19,Pennsylvania,Duquesne,PA-837,0,0,N/A
1291367,1-Jan-19,Ohio,Waverly,Straight Creek Rd,0,0,N/A
1291479,1-Jan-19,New Jersey,Paterson,17 Van Houten St,0,0,N/A
1291388,1-Jan-19,Maryland,Hagerstown,500 block of Church St,0,0,N/A
1290106,1-Jan-19,California,Visalia,400 block of NE 2nd Ave,0,0,N/A
1292763,1-Jan-19,Maine,South Paris,24 Market Square,2,0,N/A
1538660,1-Jan-19,Maryland,Great Mills,45545 Norris Rd,0,0,N/A
1295067,1-Jan-19,Wisconsin,Onalaska,N/A,0,0,N/A
1289593,1-Jan-19,Maryland,Baltimore,1200 block of N Luzerne Ave,0,0,N/A
1289907,1-Jan-19,District of Columbia,Washington,100 block of Kennedy St NW,0,1,N/A
1289993,1-Jan-19,Florida,Melbourne,3243 Woodsmill Dr,0,3,N/A
1289935,1-Jan-19,Wisconsin,Milwaukee,S 10th St and W Lapham Blvd,1,0,N/A
1298071,1-Jan-19,Connecticut,Fairfield,Villa Ave,0,0,N/A
1292169,1-Jan-19,Arkansas,Jonesboro,1300 block of W Hungtington Ave,0,0,N/A
1292117,1-Jan-19,Wisconsin,Ashland,824 Lake Shore Dr E,0,0,N/A
1291303,1-Jan-19,Rhode Island,Providence,Valley St and Harold St,0,0,N/A
1290380,1-Jan-19,Massachusetts,Saugus,832 Broadway,0,0,N/A
