Incident ID,Incident Date,State,City Or County,Address,# Killed,# Injured
1438034,1-Jul-19,New Hampshire,Newport,105 Springfield Rd,0,0
1436291,1-Jul-19,Colorado,Denver,1000 block of Lincoln St,1,0
1436811,1-Jul-19,Ohio,Cleveland,3800 block of E 186th St,0,1
1437784,1-Jul-19,District of Columbia,Washington,800 block of Chesapeake St SE,0,0
1438701,1-Jul-19,Minnesota,Waite Park,3rd St NE and Waite Ave NE,0,0
1437757,1-Jul-19,Florida,Pembroke Pines,SW 146th Terrace and Ninth St,0,0
1437631,1-Jul-19,California,Ventura,2200 block of Thompson Blvd,0,0
1437547,1-Jul-19,California,Bakersfield,3220 Stine Rd,0,0
1436652,1-Jul-19,Maine,Georgetown,Bay Point Rd,1,0
1438492,1-Jul-19,Illinois,Dekalb,Roosevelt Ct and 7th St,0,0
1438487,1-Jul-19,Massachusetts,Fall River,400 block of Buffinton St,0,0
1436401,1-Jul-19,Virginia,Arlington,1000 S Hayes Ave,1,0
1437990,1-Jul-19,Georgia,Macon,3705 Irwinton Rd,1,0
1438392,1-Jul-19,Indiana,Bloomington,2851 N Old State Rd 37,1,0
1440616,1-Jul-19,Illinois,Chicago,1200 block of W Lunt Ave,0,0
1437137,1-Jul-19,Pennsylvania,Blairsville,1085 Rte 22 Hwy W,0,1
1438705,1-Jul-19,New Jersey,Manchester Township (Manchester),Cambridge Cir,1,0
1439343,1-Jul-19,South Carolina,Heath Springs,4699 Kickturn Rd,0,0
1443080,1-Jul-19,Florida,West Palm Beach,205 N Dixie Hwy,0,0
1441312,1-Jul-19,Illinois,Kankakee,N Park Ave and E Birch St,0,0
1443039,1-Jul-19,Delaware,Wilmington,600 block of W 5th St,0,0
1437022,1-Jul-19,Louisiana,Monroe,814 Barnes Rd,0,0
1440956,1-Jul-19,Massachusetts,Attleboro,740 S Main St,0,0
1436099,30-Jun-19,Michigan,Traverse City,263 W Grandview Pkwy,2,0
1436825,30-Jun-19,Texas,Holland (Sparks),El Rancho Dr and N McCarran Blvd,0,0
1436803,30-Jun-19,New York,Brooklyn,1243 Surf Ave,0,0
1436785,30-Jun-19,Nebraska,Beatrice,1800 Scott St,0,0
1436736,30-Jun-19,New York,Albany,1st St,0,0
1435894,30-Jun-19,Kentucky,Stanton,118 W College Ave,0,1
1436666,30-Jun-19,Vermont,Putney,Kimball Hill Rd and Main St,0,0
1435910,30-Jun-19,North Carolina,Winston Salem (Winston-salem),321 E Polo Rd,0,0
1439484,30-Jun-19,Massachusetts,Chicopee,786 Memorial Dr,0,0
1436621,30-Jun-19,West Virginia,Glen Jean,US 19,0,0
1439903,30-Jun-19,Iowa,Muscatine,1600 block of Isett Ave,0,0
1436545,30-Jun-19,California,Yucaipa,12700 block of California St,0,5
1435738,30-Jun-19,Illinois,East Saint Louis,8301 State St,1,0
1437471,30-Jun-19,West Virginia,Mill Creek,Adolph Rd,0,1
1489133,30-Jun-19,Pennsylvania,Erie,700 block of Tacoma Rd,0,0
1443129,30-Jun-19,Florida,Miramar Beach,Scenic Gulf Dr,0,0
1437247,30-Jun-19,New Mexico,Albuquerque,2nd St NW and Candelaria Rd NW,1,0
1439984,30-Jun-19,South Carolina,Berkeley (county),N/A,0,1
1438143,30-Jun-19,Florida,Fruitland Park,Micro Racetrack Rd,0,0
1437105,30-Jun-19,Maryland,Baltimore,1000 block of Leadenhall St,0,0
1438868,30-Jun-19,Wyoming,Casper,N/A,0,0
1441153,30-Jun-19,Alabama,Dothan,512 N Foster St,0,0
1436564,29-Jun-19,Virginia,Danville,3215 Riverside Dr,0,1
1437825,29-Jun-19,Wisconsin,Eau Claire,3rd St,0,0
1437748,29-Jun-19,Florida,Miami,N/A,0,0
1436773,29-Jun-19,Wisconsin,Kenosha,3900 block of 31st Ave,0,0
1436771,29-Jun-19,Wisconsin,Kenosha,2712 52nd St,0,0
1435191,29-Jun-19,Kentucky,Owensboro,200 block of Byron Ct,0,1
1435794,29-Jun-19,New Jersey,Fairview,4th St,1,0
1435843,29-Jun-19,Kentucky,Burlington,3000 block of Sundance Blvd,1,0
1436581,29-Jun-19,Virginia,Martinsville,5200 Chatham Rd,0,0
1435563,29-Jun-19,Wisconsin,Milwaukee,4500 block of W Wright St,1,1
1438505,29-Jun-19,North Carolina,Red Springs,E 3rd Ave,0,0
1436449,29-Jun-19,Georgia,Rossville,819 Park City Rd,0,0
1436442,29-Jun-19,North Carolina,Winnabow,Lee Buck Rd,2,0
1436213,29-Jun-19,Florida,Gainesville,SW 20th Ave,0,0
1438874,29-Jun-19,Idaho,Twin Falls,400 Block of Diamond Ave,0,0
1436159,29-Jun-19,Vermont,Brandon,Conway Terrace,0,0
1440191,29-Jun-19,Oklahoma,Oklahoma City,400 Vermont Ave,0,0
1503439,29-Jun-19,Texas,Bryan,College Main St,0,0
1434737,28-Jun-19,Massachusetts,Brockton,133 N Main St,0,0
1437889,28-Jun-19,Michigan,Traverse City,E Lakeview Hills Rd,0,0
1436948,28-Jun-19,Kentucky,Glendale,50 block of Glendale Hodgenville Rd W,0,0
1442621,28-Jun-19,Illinois,Evanston,1740 Orrington Ave,0,0
1437702,28-Jun-19,Illinois,Evanston,1000 block of Garnett St,0,0
1434727,28-Jun-19,Minnesota,Saint Paul,1000 block of Suburban Ave,1,0
1434583,28-Jun-19,Kansas,Wichita,S Broadway and E 58th St S,0,0
1436710,28-Jun-19,Washington,Seattle,9200 block of Rainier Ave S,0,0
1435930,28-Jun-19,New York,Buffalo,253 Carl St,0,0
1434525,28-Jun-19,Indiana,West Lafayette,3512 Bethel Dr,0,0
1435893,28-Jun-19,Illinois,Freeport,E Wyandotte St and S Ottawa Ave,0,0
1434529,28-Jun-19,Maryland,Baltimore,1200 block of Bayard St,1,1
1435164,28-Jun-19,Tennessee,Nashville,2425 Atrium Way,0,0
1438535,28-Jun-19,Tennessee,Kingsport,Skyland Dr,0,0
1438476,28-Jun-19,Wyoming,Casper,US Hwy 26,0,0
1435171,28-Jun-19,Tennessee,Nashville,Perkins St,0,1
1434747,28-Jun-19,Missouri,Columbia,404 N Keene St,0,0
1436460,28-Jun-19,Indiana,Bloomington,1800 N Walnut St,0,0
1434868,28-Jun-19,Oregon,Mcminnville,3800 block of NE Colson St,1,0
1434593,28-Jun-19,Iowa,Des Moines,1720 22nd St,1,1
1436843,28-Jun-19,Arizona,Overgaard,2100 block of W Woods Dr,1,0
2381825,28-Jun-19,Ohio,Bethel,2540 Swings Corner Point Isabel Rd,1,0
1438166,28-Jun-19,Georgia,Macon,Monroe St and Fourth Ave,0,0
1435576,28-Jun-19,Oregon,Prineville,NE 3rd St and Garner St,0,0
1435188,28-Jun-19,Pennsylvania,Reeders,N/A,1,0
1458128,28-Jun-19,Mississippi,Tupelo,S Canal St,0,0
1437033,28-Jun-19,Minnesota,Mankato,N/A,0,0
1436144,28-Jun-19,Massachusetts,Boston,82 George St,0,0
1436147,28-Jun-19,Massachusetts,Boston,486 Blue Hill Ave,0,0
1435329,27-Jun-19,New York,Staten Island,John St,0,0
1434701,27-Jun-19,Massachusetts,Boston,290 William McClellan Hwy,0,0
1436769,27-Jun-19,Arkansas,Hot Springs National Park (Hot Springs),305 Malvern Ave,0,0
1436772,27-Jun-19,Arkansas,Hot Springs National Park (Hot Springs),431 3rd St,0,0
1434442,27-Jun-19,New Jersey,Newark,200 block of Garside St,0,0
1434433,27-Jun-19,South Carolina,Seneca,1417 Sandifer Blvd,0,0
1434154,27-Jun-19,Florida,North Port,4451 Aidan Ln,0,1
1434358,27-Jun-19,Texas,Port Arthur,3600 block of Normandy Ave,0,0
1433522,27-Jun-19,Kentucky,Bowling Green,4000 block of Louisville Rd,0,0
1435082,27-Jun-19,Maryland,Hagerstown,424 N Locust St,0,1
1434857,27-Jun-19,Nevada,Henderson,600 block of Monument Point St,1,0
1437269,27-Jun-19,Indiana,Crown Point,N/A,0,1
1434232,27-Jun-19,California,Hanford,800 block of South Phillips Ave,0,0
1433529,27-Jun-19,Florida,Springfield,Bob Little Rd,1,0
1434465,27-Jun-19,Ohio,Beachwood,26300 Cedar Rd,0,0
1433116,27-Jun-19,New Mexico,Albuquerque,200 block of Quetzal Rd,1,2
1435707,27-Jun-19,Indiana,Marion,1400 block of S Adams St,0,1
1500695,27-Jun-19,Florida,West Palm Beach,1200 Block of N Sapodilla Ave,0,1
1434122,27-Jun-19,Maryland,Baltimore,400 block of E Baltimore St,0,0
1434120,27-Jun-19,Maryland,Baltimore,5600 block of the Alameda,0,0
1438120,27-Jun-19,Maryland,Owings,Honeysuckle Ln and Solomons Island Rd N,0,0
1434004,27-Jun-19,Mississippi,Tupelo,N Joann St,0,0
1434003,27-Jun-19,Mississippi,Tupelo,Crabapple Dr,0,0
1434652,27-Jun-19,Michigan,Battle Creek,700 block of N Washington Ave,0,0
1433814,26-Jun-19,Missouri,Cape Girardeau,1126 N Sprigg St,0,0
1432690,26-Jun-19,South Carolina,West Columbia,Edmund Hwy,0,0
1433627,26-Jun-19,Pennsylvania,Kingston,Market St and Wyoming Ave,0,0
1432619,26-Jun-19,West Virginia,Covel,Gooney Otter Hollow Rd,0,1
1434383,26-Jun-19,Louisiana,La Place (Laplace),Belle Terre Blvd,0,0
1434342,26-Jun-19,Georgia,Tifton,300 block of Poplar St,0,0
1432679,26-Jun-19,Kentucky,Lexington,351 Foreman Ave,0,1
1452882,26-Jun-19,Iowa,Davenport,600 block of E 8th St,0,0
1433550,26-Jun-19,Florida,Palm Coast,Seven Wonders Trail,0,0
1433025,26-Jun-19,Illinois,Chicago,W 54th St and S Morgan St,0,0
1434109,26-Jun-19,Delaware,Harrington,7250 Milford Harrington Hwy,0,0
1432914,26-Jun-19,Nebraska,Hastings,1011 Hill St,1,1
1432857,26-Jun-19,North Dakota,Jamestown,500 block of 4th Ave SE,0,0
1433877,26-Jun-19,Nebraska,Lincoln,N 31st St and Kleckner Ct,0,0
1432852,26-Jun-19,Massachusetts,Boston,Magazine St and Kemble St,0,0
1432791,26-Jun-19,North Carolina,Salisbury,500 block of Cedar St,0,0
1431436,25-Jun-19,Virginia,Norfolk,2100 block of Keller Ave,1,1
1431660,25-Jun-19,New York,North Tonawanda,216 Payne Ave,0,0
1432147,25-Jun-19,Kentucky,Danville,29 JE Woods Dr,0,1
1434286,25-Jun-19,Iowa,Burlington,West Ave and Plane St,0,0
1432639,25-Jun-19,Louisiana,Welsh,112 S Adams St,0,0
1434069,25-Jun-19,Louisiana,Bunkie,S Louisiana Ave and Keller St,0,0
1447037,25-Jun-19,Connecticut,Waterbury,Porter St and Charles St,0,0
1432539,25-Jun-19,Ohio,Youngstown,300 block of Emery Ave,0,0
1433589,25-Jun-19,Pennsylvania,Bolivar,Market St,0,0
1434403,25-Jun-19,West Virginia,Fairmont,1325 Locust Ave,0,0
1432421,25-Jun-19,Ohio,Cleveland,17600 block of S Miles Rd,1,0
1432320,25-Jun-19,Pennsylvania,York,200 block of Liberty Ct,0,0
1434330,25-Jun-19,Georgia,Macon,1211 Maynard St,0,0
1432114,25-Jun-19,Mississippi,Holly Springs,833 West St,1,0
1434221,25-Jun-19,California,Bakersfield,600 block of Mint St,0,0
1432066,25-Jun-19,New Jersey,Andover,N/A,0,0
1430829,25-Jun-19,Pennsylvania,Crescent,Starr Rd,1,0
1432974,25-Jun-19,Delaware,Dover,50 block of N Kirkwood St,0,0
1431877,25-Jun-19,Ohio,Dayton,Harvard Blvd and Shaftesbury Rd,0,1
1432926,25-Jun-19,New Jersey,Newark,Nevada St and W Kinney St,0,0
1434035,25-Jun-19,Arkansas,Fort Smith,1500 block of N 49th St,0,0
1434033,25-Jun-19,Arkansas,Hot Springs National Park (Hot Springs),114 Rockcress Terrace,0,0
1434025,25-Jun-19,Arkansas,Jonesboro,Gee St,0,0
1431832,25-Jun-19,South Dakota,Watertown,3500 block of 9th Ave SE,0,0
1431758,25-Jun-19,Oklahoma,Dewey,US-75 and W 1300 Rd,0,0
1432870,25-Jun-19,Massachusetts,Brockton,206 Pine St,0,1
1453920,25-Jun-19,Louisiana,Baton Rouge,500 W Garfield Ave,0,0
1432844,25-Jun-19,Massachusetts,Boston,811 Hyde Park Ave,0,0
1431731,25-Jun-19,Michigan,Cadillac,39 Rd and 30 3/4 Rd,0,0
1433811,24-Jun-19,Texas,Kountze,915 W Deer St,0,0
1432726,24-Jun-19,Kansas,Topeka,1300 block of SW Harrison,0,0
1432722,24-Jun-19,Kentucky,Corbin,KY 3436,0,1
1431601,24-Jun-19,South Carolina,North Augusta (Belvedere),119 Sanders Ave,0,0
1431581,24-Jun-19,Mississippi,Natchez,Ingram Cir,0,3
1430483,24-Jun-19,Illinois,Rockford,900 block of School St,0,0
1430101,24-Jun-19,Illinois,Kewanee,100 block of N Vine St,0,1
1433569,24-Jun-19,Arizona,Phoenix,W Southern Ave and S 13th Ave,1,0
1518801,24-Jun-19,Massachusetts,Boston,30 Mt. Pleasant Ave,0,0
1432045,24-Jun-19,Florida,Saint Augustine,525 FL-16,0,0
1430643,24-Jun-19,Kentucky,Lexington,Campsie Pl and N Martin Luther King Blvd,0,1
1435796,24-Jun-19,Illinois,Champaign,2400 block of N Neil St,0,0
1463949,24-Jun-19,Ohio,Warren,1708 Youngstown Rd SE,0,0
1431052,24-Jun-19,New York,Albany,3rd Ave and Elizabeth St,0,1
1430674,24-Jun-19,Ohio,Cleveland,3300 block of E 145th St,0,1
1429985,24-Jun-19,New Jersey,Paterson,42 Auburn St,0,0
1430969,24-Jun-19,Florida,Tarpon Springs,N/A,0,0
1430801,24-Jun-19,Maryland,Hagerstown,200 block of Suter Ave,0,1
1431993,24-Jun-19,Florida,Vero Beach,1600 block of SW 22nd Ave,0,0
1432985,24-Jun-19,Maryland,Baltimore,2100 block of Braddish Ave,0,0
1430458,24-Jun-19,Ohio,Dayton,1600 block of Bancroft,0,1
1434067,24-Jun-19,Louisiana,Thibodaux,1000 block of Talbot Ave,0,0
1434050,24-Jun-19,Louisiana,French Settlement,Frost Rd,0,0
1431771,24-Jun-19,North Carolina,Lumberton,E 20th St,0,0
1431541,24-Jun-19,California,San Bernardino,933 E Central Ave,1,0
1430359,24-Jun-19,Massachusetts,Boston,10 Penhallow St,1,0
1432793,24-Jun-19,North Carolina,Salisbury,2600 block of Long Ferry Rd,0,0
1429751,23-Jun-19,Massachusetts,Spencer,MA 9,0,0
1429739,23-Jun-19,Wisconsin,Madison,7000 block of Flower Ln,0,0
1434660,23-Jun-19,Connecticut,New Haven,Mead St to Derby Ave,0,0
1430557,23-Jun-19,New York,Albany (Colonie),Wolf Rd,0,0
1430525,23-Jun-19,Tennessee,Elizabethton,Dan Cole Rd,0,1
1430007,23-Jun-19,Missouri,Stella,19898 Terrier Rd,0,2
1431814,23-Jun-19,Rhode Island,Providence,1095 Eddy St,0,1
1429527,23-Jun-19,Tennessee,Memphis,4700 block of Barkshire Dr,1,2
1429609,23-Jun-19,West Virginia,West Union,44 Pike St,0,0
1429780,23-Jun-19,District of Columbia,Washington,500 block of Alabama Ave SE,0,1
1429495,23-Jun-19,Tennessee,Jackson,2089 Hollywood Dr,1,0
1429810,23-Jun-19,California,San Jose,568 Habbitts Court,5,0
1429463,23-Jun-19,Kentucky,Louisville,700 block of Roselane St,1,0
1429445,23-Jun-19,Kentucky,Lexington,987 Winchester Rd,0,1
1429440,23-Jun-19,Kentucky,Lexington,333 S Limestone,0,1
1429333,23-Jun-19,South Carolina,Anderson,1209 West End Ave,1,2
1436480,23-Jun-19,Indiana,Bloomington,1000 block of W 16th St,0,0
1430079,23-Jun-19,Iowa,Iowa City,Wayne Ave and Arthur St,0,0
1433169,23-Jun-19,New Jersey,Newark,100 block of Salem St,0,0
1440612,23-Jun-19,Missouri,Springfield,N West Bypass and W Division St,0,0
1429576,23-Jun-19,Colorado,Pueblo,843 W Northern Ave,1,0
1430840,23-Jun-19,Pennsylvania,Cecil,660 Southpointe Blvd,0,0
1430788,23-Jun-19,Maryland,Newburg,US 301,0,0
1430732,23-Jun-19,Florida,Pahokee,5800 block of 86th Place,0,0
1442066,23-Jun-19,Maryland,Newburg,US 301,0,0
1442064,23-Jun-19,Maryland,La Plata,6330 Crain Hwy,0,0
1442977,23-Jun-19,Pennsylvania,Philadelphia,4100 block of Franklin St,0,0
1431827,23-Jun-19,New Hampshire,Keene,Roxbury St,0,0
1430638,23-Jun-19,Massachusetts,Fall River,Mott St and Grinnell St,0,0
1429652,23-Jun-19,Massachusetts,Boston,178 State St,0,0
1428612,22-Jun-19,Nevada,Las Vegas,931 Las Vegas Blvd N,1,0
1428755,22-Jun-19,Illinois,Bolingbrook,50 block of Fernwood Dr,0,0
1428625,22-Jun-19,Maryland,Phoenix,14000 block of N Blenheim Rd,1,0
1430854,22-Jun-19,Pennsylvania,Brownsville,Madison Ave,0,0
1435885,22-Jun-19,Arkansas,El Dorado,300 block of W 1st St,0,0
1434401,22-Jun-19,Colorado,Grand Junction (Fruitvale),I-70BL and 30 Rd,0,0
1430269,22-Jun-19,Texas,Nacogdoches,6000 block of TX-21,0,0
1564812,22-Jun-19,Vermont,Barre,Berlin St,0,0
1428667,22-Jun-19,Iowa,Fort Dodge,16 N 7th St,0,0
1430251,22-Jun-19,Texas,Longview,Mobberly Ave and Melton St,0,0
1432529,22-Jun-19,Ohio,Berlin Heights,Mason Rd,0,0
1429259,22-Jun-19,Florida,Jacksonville,Ave B and Edgewood Ave,0,0
1428350,22-Jun-19,Pennsylvania,York,500 block of Alladin Alley,0,1
1430077,22-Jun-19,Nebraska,Lincoln,3721 N 56th St,0,0
1431002,22-Jun-19,Maryland,Finksburg,1900 block of Suffolk Rd,0,0
1430986,22-Jun-19,Florida,Tallahassee,2000 block of W Pensacola St,0,0
1473837,22-Jun-19,Arizona,Phoenix,N 35th Ave and W Dunlap Ave,0,0
1429018,22-Jun-19,Arizona,Phoenix,N 51st Ave and W Greenway Rd,0,0
1428895,22-Jun-19,Massachusetts,Boston,225 Blue Hill Ave,0,0
1429795,22-Jun-19,Washington,Amboy,24707 NE 419th St,2,0
1491357,22-Jun-19,Arizona,Chandler,Chandler Blvd and Kyrene Rd,0,0
1428920,22-Jun-19,Massachusetts,North Attleboro,1250 S Washington St,2,0
1433856,22-Jun-19,New York,Newburgh,401 Washington St,0,0
1428876,22-Jun-19,Missouri,Willard,5500 block of W Farm Rd 94,0,1
1432633,21-Jun-19,Indiana,Gary,100 E block of 5th Ave,0,0
1428721,21-Jun-19,Delaware,Seaford,500 Findley Way,0,0
1428659,21-Jun-19,Iowa,Coralville,2551 Heartland Pl,0,0
1428611,21-Jun-19,Iowa,Iowa City,1100 block of Hollywood Blvd,0,0
1432611,21-Jun-19,New York,Staten Island,Dongan St,0,0
1429434,21-Jun-19,Ohio,Cambridge,Glenn Hwy and Shaw Rd,0,0
1427713,21-Jun-19,Tennessee,Soddy Daisy,115 Coleman Rd,0,1
1427977,21-Jun-19,Kentucky,Lexington,Konner Woods Dr and Atoma Dr,0,1
1427677,21-Jun-19,Ohio,Kinsman,6451 Yoder St,0,0
1428703,21-Jun-19,Utah,Salt Lake City,4700 E Millcreek Canyon Rd,1,0
1427627,21-Jun-19,Illinois,Springfield,2600 block of S 9th St,0,0
1429990,21-Jun-19,Indiana,Evansville,600 block of E Maryland St,1,0
1438301,21-Jun-19,California,Ventura,10900 block of Del Norte St,0,0
1428413,21-Jun-19,Indiana,Indianapolis,1100 block of Brook Ln,0,2
1433185,21-Jun-19,New Jersey,Newark,7th Ave and N 13th St,0,0
1429973,21-Jun-19,Florida,Key Largo,US 1,0,0
1430891,21-Jun-19,Florida,Ponte Vedra Beach,230 Landrum Ln,0,0
1449821,21-Jun-19,Ohio,Cambridge,Glenn Highway,0,0
1434074,21-Jun-19,Illinois,Decatur,500 block of E Division St,0,0
1428959,21-Jun-19,Massachusetts,Adams,Burt St,0,0
1478305,21-Jun-19,Missouri,Columbia,1915 Paris Rd,0,0
1431662,20-Jun-19,South Carolina,Myrtle Beach,304 Ocean Blvd,0,0
1427320,20-Jun-19,Texas,Killeen,2803 Larissa Dr,0,1
1427093,20-Jun-19,Missouri,Hazelwood,8600 block of Gwin Dr,0,1
1427077,20-Jun-19,Missouri,Saint Louis,999 N 2nd St,0,0
1427983,20-Jun-19,Kentucky,Lexington,Tates Creek Rd,0,0
1427340,20-Jun-19,Texas,Mission,S Stewart Rd and US-83 BUS,2,0
1427722,20-Jun-19,Tennessee,Knoxville,1400 block of the Daylily Dr,0,2
1518834,20-Jun-19,New York,Staten Island,Victory Blvd and Corson Ave,0,0
1427904,20-Jun-19,Ohio,Cincinnati,4870 Hunt Rd,0,0
1427283,20-Jun-19,Utah,Delta,100 N 300 W,0,1
1431385,20-Jun-19,Alabama,Gadsden,700 block of Ewing Ave,0,0
1427822,20-Jun-19,Michigan,Holland,Riley St and Butternut Dr,0,0
1427729,20-Jun-19,Pennsylvania,Hollidaysburg,100 block of Walnut St,0,0
1426915,20-Jun-19,Tennessee,Chattanooga,5900 block of Shallowford Rd,0,1
1427613,20-Jun-19,Florida,Tallahassee,1815 S Adams St,1,0
1427617,20-Jun-19,Florida,Tallahassee,Castlewood Dr and S Meridian St,0,0
1429304,20-Jun-19,Pennsylvania,Delmont,Scenic Dr,0,0
2225366,20-Jun-19,Texas,Lubbock,1550 34th St,1,0
1427527,20-Jun-19,Florida,Punta Gorda,42881 Lake Babcock Dr,0,0
1427598,20-Jun-19,New Jersey,Paterson,481 Summer St,0,0
1438165,20-Jun-19,Georgia,Macon,1000 block of Ramona Ave,0,0
1427455,20-Jun-19,Maryland,Frederick,1305 W 7th St,0,1
1426594,20-Jun-19,New York,Staten Island,640 Page Ave,1,0
1428252,20-Jun-19,New Hampshire,Concord (Boscawen),5 Bailey Dr,0,0
1426537,20-Jun-19,Pennsylvania,Allentown,343 Hamilton St,0,10
1448833,20-Jun-19,Maine,Portland,259 Oxford St,0,0
1428151,20-Jun-19,Kentucky,Bowling Green,1225 N Lee Dr,0,0
1427252,20-Jun-19,Massachusetts,Lynn,54 Elm St,0,0
1426331,19-Jun-19,Connecticut,Stratford,1450 South Ave,0,0
1427040,19-Jun-19,New Jersey,Bayonne,19th St and Ave A,0,0
1427998,19-Jun-19,Indiana,Kokomo,3700 block of S Reed Rd,0,0
1426189,19-Jun-19,Wisconsin,Madison,2300 block of Stuart Ct,0,0
1426643,19-Jun-19,New York,Saratoga Springs,Hathorn Blvd,0,0
1617681,19-Jun-19,Missouri,Springfield,E Kearney St and Glenstone Ave,0,0
1427848,19-Jun-19,Michigan,Detroit,N/A,0,0
1426142,19-Jun-19,Kentucky,Lexington,Man O War Blvd and Todds Rd,0,0
1426014,19-Jun-19,Tennessee,Memphis,6055 Shelby Oaks Dr,0,0
1426334,19-Jun-19,Texas,Houston,12590 Bissonnet St,0,1
1426905,19-Jun-19,Ohio,Youngstown,250 Hilton Ave,0,0
1426902,19-Jun-19,Ohio,Youngstown,484 Almyra Ave,0,0
1426884,19-Jun-19,Florida,Tallahassee,1600 Old Bainbridge Rd,0,0
1426858,19-Jun-19,Florida,Daytona Beach (Holly Hill),301 Riverside Dr,0,0
1426816,19-Jun-19,Pennsylvania,White Haven,Barry Ln,0,1
1426803,19-Jun-19,Colorado,Greeley,4400 W 23rd St Dr,0,0
1431070,19-Jun-19,Indiana,Jefferson,6200 IN-62,0,0
1425969,19-Jun-19,New Jersey,Newark,400 block of Irvine Turner Blvd,0,2
1426632,19-Jun-19,Maryland,Lexington Park,Rodine Way,0,0
1426630,19-Jun-19,Maryland,Baltimore,400 block of E 27th St,0,0
1426618,19-Jun-19,Delaware,Bridgeville,Meadowlark Dr,0,0
1433969,19-Jun-19,Alabama,Holt,Jack Warner Pkwy,0,0
1426363,19-Jun-19,Massachusetts,Lawrence,75 Manchester St,1,0
1427355,19-Jun-19,Massachusetts,Springfield,Marble St,0,0
1427327,19-Jun-19,New Hampshire,Dover,Labrador Ln,0,0
1426466,19-Jun-19,Connecticut,Stamford,Southwood Dr,0,0
1427319,19-Jun-19,Massachusetts,Brockton,58 Forest Rd,0,0
1426433,19-Jun-19,North Carolina,Woodleaf,Woodleaf Rd,0,0
1427262,19-Jun-19,Massachusetts,Boston,1150 Blue Hill Ave,0,0
1426380,18-Jun-19,Massachusetts,Boston,Columbus Ave and Centre St,0,0
1425612,18-Jun-19,Mississippi,Tupelo,S Green St,0,0
1426138,18-Jun-19,Kentucky,Mayfield,702 W Lee St,1,0
1427113,18-Jun-19,Alabama,Athens,11000 block Neely Rd,0,0
1427042,18-Jun-19,California,Santa Maria,4869 S Bradley Rd,0,0
1429468,18-Jun-19,Ohio,Westlake,Bassett Rd and Detroit Rd,0,0
1434564,18-Jun-19,Delaware,Wilmington,1100 block of W 4th St,0,0
1427906,18-Jun-19,Virginia,Charlottesville,500 block of Harris Rd,0,0
1434963,18-Jun-19,Florida,Englewood,170 W Green St,0,1
1426140,18-Jun-19,Florida,Tallahassee,2500 block of W Tennessee St,0,0
1426946,18-Jun-19,Virginia,Chesapeake,Hickory Ridge Rd,0,0
1427681,18-Jun-19,Texas,Killeen,1900 block of Fleetwood Dr,1,0
1425247,18-Jun-19,North Carolina,Williamston,Wynn Rd,0,0
1427209,18-Jun-19,Oklahoma,Tulsa,E 15th St and S Sheridan Rd,1,0
1426097,18-Jun-19,Virginia,Newport News,4400 block of Baughman Ct,0,0
1425660,18-Jun-19,Tennessee,Clarksville,208 Caldwell Dr,0,1
1426145,18-Jun-19,Illinois,Aurora,N Lincoln Ave and E New York St,0,0
1425614,18-Jun-19,Tennessee,Ten Mile,Indian Shadows Dr,0,0
1425130,18-Jun-19,New Jersey,Newark,921 S 20th St,0,0
1425877,18-Jun-19,Maryland,Kensington,10724 Shaftesbury St,1,0
1484616,18-Jun-19,South Carolina,Hollywood,4406 SC 174,0,0
1428715,18-Jun-19,Maryland,Brooklyn (Brooklyn Park),MD 2 and 9th Ave,0,0
1429770,18-Jun-19,Wisconsin,Milwaukee,N 45th St and W Concordia Ave,1,0
1425851,18-Jun-19,Indiana,Kokomo,E Broadway St and N Purdum St,0,0
1427338,18-Jun-19,New Hampshire,Portsmouth,Maplewood Ave and Deer St,0,0
1427331,18-Jun-19,New Hampshire,Rochester,77 Winter St,0,0
1427323,18-Jun-19,New Hampshire,Newington,97 Gosling Rd,0,0
1428879,18-Jun-19,New York,Amsterdam,169 Rector Rd,0,0
1426358,18-Jun-19,Massachusetts,New Bedford,75 N 6th St,0,0
1426420,18-Jun-19,Wisconsin,Beloit,2000 block of Cobblestone Ct,0,0
1425686,17-Jun-19,Nebraska,Lincoln,1400 block of Peach St,0,0
1425671,17-Jun-19,Nebraska,Lincoln,1600 block of N 58th St,0,0
1435261,17-Jun-19,Arkansas,Hot Springs National Park (Hot Springs),311 Ranch Estates Rd,0,0
1426275,17-Jun-19,Wyoming,Cody,183 N Fork Hwy,0,1
1425506,17-Jun-19,Virginia,Richmond,621 S Belvidere St,0,0
1425520,17-Jun-19,Michigan,Ferndale,8 Mile Rd and Fair St,0,0
1428695,17-Jun-19,District of Columbia,Washington,1100 block of 19th St NE,0,0
1424586,17-Jun-19,New Jersey,New Brunswick,56 Paterson St,0,0
1424582,17-Jun-19,Pennsylvania,Allentown,300 block of Liberty St,0,0
1427750,17-Jun-19,Pennsylvania,Lemoyne,210 Cumberland Rd,0,0
1423979,17-Jun-19,District of Columbia,Washington,5700 block of Blaine St NE,0,0
1426023,17-Jun-19,Florida,Gainesville,I-75 and Williston Rd,0,0
1424357,17-Jun-19,Texas,Houston,3701 Louisiana St,0,1
1426846,17-Jun-19,Florida,Cantonment,Lake Dr,0,0
1424268,17-Jun-19,Massachusetts,Boston,30 Gayland St,0,0
1424235,17-Jun-19,Illinois,Rockford,200 block of N Madison St,0,0
1425136,17-Jun-19,New Jersey,Newark,Parkhurst St and Pennsylvania Ave,0,0
1425896,17-Jun-19,Maryland,Glen Burnie,Crain Highway,0,0
1423976,17-Jun-19,District of Columbia,Washington,1800 block of 2nd St NE,0,0
1431871,17-Jun-19,Ohio,Cleveland (South Euclid),4040 Mayfield Rd,0,0
1425818,17-Jun-19,Massachusetts,Boston,36 Winston Rd,0,0
1425804,17-Jun-19,Massachusetts,New Bedford,Bullard St,0,0
1423780,16-Jun-19,Massachusetts,Brockton,Nessralla Dr,0,0
1425533,16-Jun-19,Colorado,Boulder,1600 block of Yellow Pine Ave,0,0
1423734,16-Jun-19,Missouri,Saint Louis,212 S Tucker Blvd,0,3
1425483,16-Jun-19,North Dakota,Bismarck,9th St,0,0
1424190,16-Jun-19,Arizona,Chino Valley,Perkinsville Road,1,0
1425353,16-Jun-19,Oregon,Ontario,4000 block of Hyline Dr,0,1
1424702,16-Jun-19,Iowa,Dubuque,2400 block of White St,0,1
1425409,16-Jun-19,Kentucky,Fordsville,Kelly Cemetery Ln,0,0
1426053,16-Jun-19,Florida,Summerfield,8000 block of SE 131st Place,0,0
1432138,16-Jun-19,Florida,Gainesville,SW 23rd Terrace and SW 27th Ave,0,1
1424266,16-Jun-19,Massachusetts,Boston,20 Milton Ave,0,0
1424211,16-Jun-19,New Jersey,Saddle River (Upper Saddle River),N/A,0,0
2131346,16-Jun-19,Michigan,Muskegon,1800 block of Nevada St,1,0
1425057,16-Jun-19,Florida,Orlando,6509 Hazeltine National Dr,0,0
1425033,16-Jun-19,Florida,Wildwood,SR 44,0,0
1430721,16-Jun-19,New York,Bronx,1581 Watson Ave,0,0
1423974,16-Jun-19,Florida,Melbourne,1996 Irene Summerford Way,0,0
1424019,16-Jun-19,Florida,Ocala,3900 block of NE 14th St,0,0
1423808,16-Jun-19,Ohio,Akron,E Exchange St and S Arlington St,1,1
1423859,16-Jun-19,Massachusetts,Lawrence,353 Elm St,0,0
1426315,15-Jun-19,Minnesota,Sartell,900 block of 7th St N,0,1
1443810,15-Jun-19,Nebraska,Omaha,435 N 25th St,0,0
1424802,15-Jun-19,Louisiana,West Monroe,3000 block of Caples Rd,0,0
1436713,15-Jun-19,Michigan,Milan (Augusta Twp),Mckean Rd and Judd Rd,0,1
1424666,15-Jun-19,Texas,Waco,N 4th St and Herring Ave,0,0
1425387,15-Jun-19,Pennsylvania,Bethlehem,N New St and E Sakon Pl,0,0
1423301,15-Jun-19,New Jersey,South Orange,407 Valley St,0,0
1613077,15-Jun-19,Florida,Ponte Vedra Beach,2400 Palm Valley Rd,0,0
1423406,15-Jun-19,Florida,Jacksonville,9200 block of Lem Turner Rd,0,1
1424311,15-Jun-19,Kansas,Andover,400 block of W 10th St,0,1
1424709,15-Jun-19,Tennessee,Nashville,1200 block of 14th Ave S,0,0
1423484,15-Jun-19,Indiana,Merrillville,7000 block of Fillmore Dr,0,0
1424597,15-Jun-19,Maryland,Baltimore,700 block of Light St,0,0
1462400,15-Jun-19,Illinois,Chicago,90th St and Austin Ave,0,0
1424001,15-Jun-19,Delaware,Smyrna,DE 1,0,0
1431894,15-Jun-19,Delaware,Wilmington,1100 block of W 5th St,0,0
1423915,15-Jun-19,Washington,Seattle,7th St and Union St,0,1
1423688,15-Jun-19,New Hampshire,Belmont,98 South Rd,1,0
1425813,15-Jun-19,Massachusetts,Stoughton,15 Sharon St,0,0
1422628,15-Jun-19,Oklahoma,Tulsa,4401 S Memorial Dr,1,1
1426435,15-Jun-19,North Dakota,Tioga,N/A,0,0
1422640,15-Jun-19,Pennsylvania,Philadelphia,2200 block of Ridge Ave,1,0
1422906,14-Jun-19,Indiana,Fort Wayne,Lima Rd and Fernhill Ave,0,0
1422253,14-Jun-19,Georgia,Gainesville,Mountain Ridge Rd,0,0
1423536,14-Jun-19,Utah,Hurricane,S 3400 W,0,0
1422170,14-Jun-19,New Jersey,Trenton,100 block of Walnut Ave,0,0
1425293,14-Jun-19,Pennsylvania,Greensburg,450 S Main St,0,0
1422236,14-Jun-19,Pennsylvania,Homestead,100 block of E 16th St,0,1
1422384,14-Jun-19,Wisconsin,Milwaukee (West Allis),1500 block of S 56th St,1,0
1421768,14-Jun-19,Florida,Fort Myers,10770 Clear Lake Loop,0,3
1421997,14-Jun-19,Louisiana,Morgan City (Bayou Vista),US 90,0,0
1422286,14-Jun-19,Colorado,Grand Junction,2400 block of Jack Creek Rd,0,1
1422308,14-Jun-19,Missouri,Winston,28309 US-69,0,2
1425950,14-Jun-19,Pennsylvania,Bethlehem,Cheryl Dr,0,0
1423000,14-Jun-19,Illinois,Mount Sterling,400 Block of E Chestnut St,1,1
1432003,14-Jun-19,Florida,Delray Beach,Federal Hwy,0,0
1422927,14-Jun-19,Florida,Sorrento,31000 block of Co Rd 437,0,1
1422554,14-Jun-19,California,Corona,480 N. McKinley St,1,2
1422475,14-Jun-19,Nevada,Las Vegas,2839 W Sahara Ave,0,1
1458089,14-Jun-19,Colorado,Grand Junction,2400 block of Jack Creek Rd,0,1
1421610,13-Jun-19,Maine,Lewiston,486 Main St,0,0
1421113,13-Jun-19,Maryland,Rockville,5465 Randolph Rd,1,0
1421844,13-Jun-19,South Carolina,Simpsonville,Eastcrest Dr,0,1
1423137,13-Jun-19,Iowa,Davenport,1300 Main St,0,0
1422178,13-Jun-19,New Jersey,Newark,Pennsylvania Ave and Parkhurst St,0,0
1422075,13-Jun-19,New Jersey,Atlantic City,1700 Marmora Ave,0,0
1427836,13-Jun-19,Michigan,Flat Rock,I-275 and Will Carleton Rd,0,0
1421730,13-Jun-19,New Jersey,Westfield,641 Willow Grove Rd,0,0
1422317,13-Jun-19,Texas,Goliad,W Franklin St and S Mt Auburn St,1,1
1421963,13-Jun-19,North Carolina,Denver,422 NC-16 Business,0,1
1421529,13-Jun-19,Arkansas,Little Rock,4601 W 16th St,3,0
1425076,13-Jun-19,Georgia,Athens,Florida Ave,0,0
1421811,13-Jun-19,Florida,Tallahassee,Gaile Ave and Crawfordville Rd,0,0
1421791,13-Jun-19,Florida,Homosassa,6885 S Suncoast Blvd,0,0
1421779,13-Jun-19,New York,Niagara Falls,1114 17th St,0,0
1427329,13-Jun-19,Texas,Willow City,15000 block of TX-16,0,0
1422415,13-Jun-19,Massachusetts,Boston,191 Summer St,0,0
1422411,13-Jun-19,Massachusetts,Fall River,Lawton St,0,0
1421619,13-Jun-19,Massachusetts,Boston,Melnea Cass Blvd and Massachusetts Ave,0,0
1424887,12-Jun-19,Texas,Burnet,1200 block of Co Rd 134,0,0
1456951,12-Jun-19,Connecticut,Waterbury,Hamilton Ave,0,0
1424790,12-Jun-19,California,Hollister,4th St and Westside Blvd,0,0
1422243,12-Jun-19,Illinois,Kankakee,E Station St and S Wildwood Ave,0,0
1420635,12-Jun-19,New York,New Rochelle,110 Washington Ave,0,0
1424554,12-Jun-19,Pennsylvania,Wilkes Barre,Penrose St,0,0
1421049,12-Jun-19,Arizona,Mesa,Broadway Rd and Country Club Dr,0,1
1421993,12-Jun-19,Louisiana,Houma (Bayou Blue),3500 block of Bayou Blue Rd,0,0
1420259,12-Jun-19,West Virginia,Cowen,3600 block of Williams River Rd,0,0
1430858,12-Jun-19,Pennsylvania,Avella,Front St,0,0
1424059,12-Jun-19,South Carolina,Aiken,900 block of Horry St NE,0,0
1421796,12-Jun-19,Delaware,Dover,100 block of Willis Rd,0,0
1421059,12-Jun-19,New York,Staten Island,158 South Ave,0,1
1421714,12-Jun-19,South Carolina,Orangeburg,901 Corona Dr,0,0
1421709,12-Jun-19,Illinois,Peotone,120th Ave,0,0
1477734,12-Jun-19,Pennsylvania,Emmaus,500 block of North St,0,0
1421241,12-Jun-19,Georgia,Macon,100 block of Avalon Rd,1,0
1421634,12-Jun-19,Rhode Island,Providence,Jastram St,0,0
1425747,12-Jun-19,Tennessee,Nashville,Buchanan St and Dr DB Todd Jr Blvd,0,1
1421615,12-Jun-19,Massachusetts,Brockton,1012 Main St,0,0
1420918,11-Jun-19,Ohio,Youngstown,34 New York Ave,0,0
1420892,11-Jun-19,South Carolina,Vance,Old Number Six Hwy,0,0
1422296,11-Jun-19,New York,Romulus,N/A,0,0
1422263,11-Jun-19,Illinois,Kankakee,310 N Entrance Ave,0,0
1423115,11-Jun-19,North Carolina,Durham,600 block of Fernway Ave,0,0
1514949,11-Jun-19,New York,Monticello,Forestburg Rd,0,0
1419609,11-Jun-19,New Jersey,Absecon,112 S New York Rd,0,0
1422171,11-Jun-19,New Jersey,Trenton,200 block of Hewitt St,0,0
1420449,11-Jun-19,Connecticut,Bridgeport,Central Ave and Deacon St,0,0
1420447,11-Jun-19,Iowa,Davenport,Pineacre Ave and E Locust St,0,0
1424406,11-Jun-19,Tennessee,Memphis,St Elmo Ave,0,0
1420314,11-Jun-19,Florida,Tallahassee,N Monroe St and Graves Rd,0,0
1419466,11-Jun-19,South Carolina,Pickens,Allgood Bridge Rd,1,0
1419463,11-Jun-19,South Carolina,Sumter,Whites Mill Rd,0,0
1473755,11-Jun-19,New Mexico,Aztec,County Rd 3323,0,0
1419806,11-Jun-19,Iowa,Indianola,N/A,0,0
1424085,11-Jun-19,North Carolina,Asheboro,Danny Bell Rd,0,0
1420120,11-Jun-19,Maryland,Annapolis,1100 block of Madison St,0,0
1424038,11-Jun-19,Georgia,Athens,Barnett Shoals Rd,0,0
1421139,11-Jun-19,Maryland,Baltimore,E Madison St,0,0
1421136,11-Jun-19,Maryland,Hagerstown,17612 Valley Mall Rd,0,0
1422473,11-Jun-19,Massachusetts,Greenfield,Laurel St,0,0
1419928,11-Jun-19,Kansas,Clearwater,100 block of S Byers Ave,0,1
1419276,10-Jun-19,Ohio,Ashland,1423 Cleveland Rd,1,1
1615774,10-Jun-19,Nevada,Elko,Douglas St,0,0
1421456,10-Jun-19,Georgia,Thomasville,15187 US-19 S,0,0
1420525,10-Jun-19,Wisconsin,Madison,N Stoughton Rd and E Washington Ave,0,0
1418956,10-Jun-19,Maine,Westbrook,Brackett St and Cross St,0,0
1420408,10-Jun-19,Georgia,Cumming,Gran Forest Dr,0,1
1418896,10-Jun-19,Minnesota,Minneapolis,424 Hennepin Ave,1,1
1420335,10-Jun-19,Michigan,Taylor,9633 Pickwick Cir E,0,0
1420328,10-Jun-19,Michigan,Battle Creek,1100 block of E Columbia Ave,0,0
1425223,10-Jun-19,District of Columbia,Washington,1900 block of Benning Rd NE,0,0
1419475,10-Jun-19,Indiana,Indianapolis,N/A,0,0
1418837,10-Jun-19,Oklahoma,Lawton,6300 block of NW Maple Ave,1,0
1419553,10-Jun-19,West Virginia,Braxton (county),N/A,0,0
1421753,10-Jun-19,Florida,Jupiter,Casa Cir,0,0
1419355,10-Jun-19,Florida,Port Charlotte,21200 block of Burkhart Dr,0,0
1773073,10-Jun-19,Maryland,Baltimore,2400 block of W Lexington St,0,0
1419536,10-Jun-19,Washington,Renton,2307 NE 4th St,1,0
1418951,10-Jun-19,Massachusetts,Brockton,Echo St and Vesey St,0,0
1419923,10-Jun-19,Massachusetts,Brockton,Main St and Grove St,0,0
1419913,10-Jun-19,Massachusetts,Boston,138 Heath St,0,0
1419940,10-Jun-19,Kansas,Salina,200 block of N Columbia Ave,0,0
1419909,10-Jun-19,Massachusetts,Boston,31 Draper St,0,0
1421014,10-Jun-19,Utah,Salt Lake City,731 S 300 E,0,0
1419211,10-Jun-19,Colorado,Colorado Springs,3500 block of Indigo Ridge Point,0,0
1419561,9-Jun-19,Kentucky,Corbin,State Hwy 1223,0,0
1420774,9-Jun-19,Illinois,Kankakee,400 block of S Cannon Ave,0,0
1418638,9-Jun-19,Texas,Fort Worth,Lauretta Dr and E Berry St,1,0
1420499,9-Jun-19,Kentucky,Paducah,Bradley St,0,0
1419587,9-Jun-19,Washington,Vancouver,5264 NE 121st Ave,0,0
1427587,9-Jun-19,New Jersey,Forked River,2196 Lacey Rd,0,0
1421011,9-Jun-19,Tennessee,Nashville,15116 Old Hickory Blvd,0,1
1513511,9-Jun-19,Arkansas,Crawford (county),N/A,0,0
1418722,9-Jun-19,Indiana,Indianapolis,1402 N Arlington Ave,0,1
1418113,9-Jun-19,New Jersey,Paterson,E 28th St and 11th Ave,0,1
1419915,9-Jun-19,Massachusetts,Boston,86 Codman Park,0,0
1418419,9-Jun-19,Kentucky,Owensboro,1500 block of W 9th St,1,0
1419179,8-Jun-19,Missouri,Kansas City,6800 block of Askew Ave,0,1
1417977,8-Jun-19,Connecticut,Hartford,2900 block of Main St,0,0
1419837,8-Jun-19,Montana,Victor,Red Crow Rd,0,0
1418544,8-Jun-19,Ohio,Dayton,N/A,0,0
1419782,8-Jun-19,Alabama,Northport,2700 block of Lily Cir,0,0
1418990,8-Jun-19,Florida,Port Saint Lucie,Bell Ave,0,0
1421380,8-Jun-19,New York,Hyde Park,Pinebrook Dr,0,0
1418085,8-Jun-19,Rhode Island,Providence,Washington St and Union St,0,0
1418314,8-Jun-19,New York,Buffalo,Seneca St and Juanita Pl,0,0
1418308,8-Jun-19,Massachusetts,North Reading,Liberty Ln,0,0
1610260,8-Jun-19,California,Palm Springs,392 E Stevens Rd,0,1
1418950,8-Jun-19,Iowa,Waterloo,100 block of Sumner St,0,0
1417663,8-Jun-19,Florida,New Port Richey,Humboldt Ave and Seven Springs Blvd,1,2
1418889,8-Jun-19,Ohio,Cumberland,N Church St,0,0
1420621,8-Jun-19,Illinois,Hampshire,US-20,0,1
1418713,8-Jun-19,Maryland,Baltimore,50 block of E 22nd St,0,0
1418708,8-Jun-19,Maryland,Baltimore,2600 block of Barclay St,0,0
1418411,8-Jun-19,Pennsylvania,New Castle,712 Cumberland Ave,0,2
1418073,8-Jun-19,Louisiana,New Orleans,Royal St and Barracks St,0,0
1431804,8-Jun-19,Washington,Port Orchard,1800 block of Sidney Ave,0,0
1419935,8-Jun-19,Massachusetts,Lawrence,Tremont St,0,0
1419160,7-Jun-19,Kansas,Bonner Springs,633 N 130th St,0,0
1420800,7-Jun-19,Pennsylvania,Allentown,300 block of S 15th St,0,0
1417902,7-Jun-19,California,Clovis,2755 Herndon Ave,0,0
1420777,7-Jun-19,Illinois,Kankakee,1000 block of E Locust St,0,0
1418383,7-Jun-19,Nebraska,Lincoln,435 Fletcher Ave,0,0
1417345,7-Jun-19,District of Columbia,Washington,4300 block of Windom Pl NW,2,0
1419546,7-Jun-19,West Virginia,Davis,Camp 70 Rd,0,0
1418229,7-Jun-19,Delaware,Smyrna,N Albright Dr,0,0
1417014,7-Jun-19,North Carolina,Shelby,908 Jim Elliott Rd,0,1
1418872,7-Jun-19,Texas,Austin,4809 S Congress Ave,0,0
1416972,7-Jun-19,Arizona,Tucson,8000 block of N Country Home Ln,1,0
1416446,7-Jun-19,Maryland,Baltimore,N Charles St and E 21st St,0,0
1419339,7-Jun-19,Maryland,Hagerstown,50 block of Murph Ave,0,0
1421728,7-Jun-19,California,Winton,Myrtle Ave and Tokay Circle,0,0
1418077,7-Jun-19,Louisiana,Kenner,2710 Idaho St,0,0
1418578,7-Jun-19,Wisconsin,Wausau,328 N Second Ave,1,0
1418016,7-Jun-19,Massachusetts,Boston,24 Bishop Joe L Smith Way,0,0
1417935,6-Jun-19,California,La Quinta,CA 111 and Jefferson St,0,0
1424787,6-Jun-19,California,Ventura (Saticoy),11000 block of Nardo St,0,0
1418958,6-Jun-19,Maryland,Hagerstown,124 High St,0,0
1443474,6-Jun-19,West Virginia,Philippi,15920 Barbour County Hwy,0,0
1427766,6-Jun-19,Texas,Odessa,4618 E University Blvd,0,0
1417121,6-Jun-19,Wisconsin,Janesville,3800 Deerfield Dr,0,0
1417065,6-Jun-19,North Carolina,Winterville,Knox St,0,0
1417040,6-Jun-19,Ohio,Youngstown,911 Belmont Ave,0,0
1419800,6-Jun-19,Michigan,Battle Creek,1103 E Michigan Ave,0,1
1416653,6-Jun-19,Georgia,Macon,3900 block of Saint Charles Place,0,0
1416598,6-Jun-19,New Jersey,Hackensack,Kansas St and S State St,0,0
1419391,6-Jun-19,New York,Rochester (Greece),N/A,0,0
1416443,6-Jun-19,Maryland,Baltimore,3800 block of Old York Rd,0,0
1416432,6-Jun-19,Delaware,Dover,300 block of Frear Dr,0,0
1416221,6-Jun-19,Massachusetts,Boston,11 Brookford Ave,0,0
1422440,6-Jun-19,Idaho,Pocatello,600 block of Pershing Ave,0,0
1415344,6-Jun-19,District of Columbia,Washington,900 block of Pennsylvania Ave NW,0,1
1416212,6-Jun-19,Massachusetts,Lawrence,306 Howard St,0,1
1417352,6-Jun-19,Louisiana,New Orleans,Marquis St and Hayne Blvd,1,0
1419874,6-Jun-19,Louisiana,Houma,400 block of Roselawn Ave,0,0
1416145,6-Jun-19,District of Columbia,Washington,500 block of Parkland Pl SE,0,0
1415093,5-Jun-19,Utah,Eden,5400 E 2300 N,0,0
1415876,5-Jun-19,Mississippi,Greenwood,200 block of Percy St,0,1
1415852,5-Jun-19,Arkansas,El Dorado,W Hillsboro St,0,0
1422282,5-Jun-19,Pennsylvania,Lancaster,Mill Pond Dr,0,0
1415494,5-Jun-19,Colorado,Pine,13000 block of S Cedar Cir,0,0
1417308,5-Jun-19,Wisconsin,Janesville,409 W Milwaukee St,0,0
1414874,5-Jun-19,Kentucky,Hopkinsville,300 block of Braden St,0,0
1415382,5-Jun-19,Maryland,Frederick,6093 Spring Ridge Pkwy,1,0
1415020,5-Jun-19,Pennsylvania,Philadelphia,N Broad St,0,2
1420479,5-Jun-19,Wisconsin,Madison,3900 block of Dempsey Rd,0,0
1415666,5-Jun-19,Florida,Panama City,Sunflower Ln,0,0
1415373,5-Jun-19,Maryland,Silver Spring,14200 block of Georgia Ave,0,1
1419841,5-Jun-19,Minnesota,Minneapolis (Columbia Heights),4500 block of Madison St,0,0
1417078,5-Jun-19,Indiana,Warsaw,7800 block of W Lovetts Ln,0,0
1415032,5-Jun-19,Tennessee,Dyersburg,1600 block of Wheeler St,0,0
1781878,5-Jun-19,Tennessee,Memphis,3048 Moriah Trail,0,0
1418906,5-Jun-19,Ohio,Elyria,2000 block of W River Rd N,0,0
1416260,5-Jun-19,Texas,Boerne,600 Kendall Pkwy,0,1
1420127,5-Jun-19,Maryland,Gaithersburg,18700 block of N Frederick Ave,0,0
2224080,5-Jun-19,Wisconsin,Ripon,8969 County Rd F F,0,1
1415357,5-Jun-19,Maryland,Baltimore,5900 block of York Rd,0,0
1419322,5-Jun-19,Illinois,Aurora,Indian Trail and Lake St,0,0
1417532,5-Jun-19,Washington,Spokane,57th St and Regal St,0,0
1415267,5-Jun-19,Massachusetts,Springfield,State St and Walnut St,0,0
1416245,5-Jun-19,Massachusetts,Boston,130 Heath St,0,0
1418028,5-Jun-19,Vermont,Brattleboro,59 Main St,0,0
1427281,5-Jun-19,Louisiana,Kenner,Airline Dr,0,0
1414363,4-Jun-19,Massachusetts,Belchertown,700 Franklin St,0,0
1423674,4-Jun-19,Texas,Laredo,300 block of Caceres Ct,0,0
1414871,4-Jun-19,Iowa,Goldfield,722 N Pine St,0,1
1415715,4-Jun-19,New Mexico,Las Cruces,400 block of E University Ave,1,0
1414165,4-Jun-19,Washington,Silverdale,SR 3,0,0
1415663,4-Jun-19,Florida,Panama City,Sherman Ave,0,0
1417087,4-Jun-19,Texas,Victoria,3300 block of Port Lavaca Dr,0,0
1414754,4-Jun-19,South Carolina,Orangeburg,Corona Dr,0,1
1414360,4-Jun-19,Ohio,Huron,516 Snowy Egret Rd,2,0
1415540,4-Jun-19,Iowa,Davenport,1818 Dixwell St,0,0
1416618,4-Jun-19,Georgia,Atlanta (Dunwoody),1131 Hammond Dr,0,0
1414841,4-Jun-19,Wisconsin,Oconomowoc,I-94 and WI-67,0,1
1413849,4-Jun-19,Georgia,Conley,Rockknoll Dr,0,0
1413976,4-Jun-19,District of Columbia,Washington,1743 Lincoln Rd NE,0,1
1420102,4-Jun-19,Delaware,Wilmington,100 block of S Harrison St,0,0
1421124,4-Jun-19,Delaware,Wilmington,1900 block of N Market St,0,0
1414402,4-Jun-19,Massachusetts,Boston,Washington St and Fenlon St,0,0
1414152,4-Jun-19,Maryland,Baltimore,6100 block of Pioneer Dr,0,1
1598681,4-Jun-19,Missouri,Cape Girardeau,600 block of S Park Ave,0,1
1414677,4-Jun-19,Indiana,Portage,1200 block of Camelot Manor,0,1
1416217,3-Jun-19,Arkansas,Fort Smith,1400 block of S D St,0,0
1414181,3-Jun-19,Washington,Tonasket,Frosty Creek Rd,1,1
1413392,3-Jun-19,California,Visalia,Kaweah Ave and S Velie St,0,0
1414245,3-Jun-19,California,Lake Elsinore,Joy St and Quail Dr,0,0
1413526,3-Jun-19,Utah,Provo,500 N 200 E,1,0
1413301,3-Jun-19,Utah,Ogden (West Haven),4300 W and 4300 S,0,1
1415789,3-Jun-19,West Virginia,Belle,Dupont Ave,0,0
1414327,3-Jun-19,Minnesota,Saint Paul,740 York Ave,0,0
1413195,3-Jun-19,New Jersey,Trenton,Rosemont Ave and Hermitage Ave,0,0
1413074,3-Jun-19,Florida,Islamorada,87000 Overseas Hwy,0,0
1413061,3-Jun-19,Florida,Springfield,100 block of Detroit Ave,0,0
1413047,3-Jun-19,Michigan,Battle Creek,37 Lathrop Avenue,1,1
1414056,3-Jun-19,North Carolina,Connelly Springs,McDuffy Rd,1,0
1414039,3-Jun-19,South Carolina,North Charleston,Attaway St and Sumner Ave,0,0
1413607,3-Jun-19,Missouri,Saint Louis,3100 block of Rauschenbach Ave,1,0
1414657,3-Jun-19,Florida,Sarasota,Clark Rd,0,0
1413939,3-Jun-19,Pennsylvania,Kittanning,100 block of Hillview Ln,0,0
1413733,3-Jun-19,Maryland,Baltimore,500 block of Sheridan Ave,0,0
1414510,3-Jun-19,Arizona,Phoenix,N Cave Creek Rd and E Grovers Ave,1,0
1413369,3-Jun-19,Louisiana,Baton Rouge,17652 Gray Moss Ave,0,1
1413382,3-Jun-19,Montana,Shepherd,8200 block of Bea's Ln,0,3
1414481,3-Jun-19,Texas,Tyler,5111 Stagecoach Dr,0,0
1413783,3-Jun-19,Georgia,Atlanta,100 Piedmont Ave,0,1
1414403,3-Jun-19,Florida,Big Pine Key,30830 Watson Rd,0,0
1413696,3-Jun-19,Ohio,Akron,Princeton St and W South St,1,0
1413578,2-Jun-19,North Carolina,Winston Salem (Winston-salem),338 Waughtown St,0,0
1412716,2-Jun-19,Wisconsin,Milwaukee,N 12th St and W Concordia Ave,0,2
1414300,2-Jun-19,Montana,Billings,N/A,0,0
1412651,2-Jun-19,Vermont,Derby,Holland Rd,0,0
1412344,2-Jun-19,Indiana,Indianapolis,240 S Meridian St,1,0
1412508,2-Jun-19,Massachusetts,Boston,21 Balfour St,0,0
1412755,2-Jun-19,Virginia,Martinsville,937 E Church St,0,1
1413231,2-Jun-19,New Jersey,Atlantic City,2099 Pacific Ave,0,1
1414633,2-Jun-19,Florida,Sarasota,2 Marina Plaza,0,0
1413042,2-Jun-19,Florida,Melbourne,100 block of E University Blvd,0,1
1519902,2-Jun-19,Florida,Fort Walton Beach,719 Beal Pkwy NW,0,0
1416987,2-Jun-19,West Virginia,Elkins,11th St,0,0
1412280,2-Jun-19,Indiana,Hobart,S Ohio St and E 5th St,1,0
1615432,2-Jun-19,Minnesota,Minneapolis,2700 block of 12th Ave,0,0
1412295,2-Jun-19,Maryland,Baltimore,3000 block of S Hanover St,0,1
1412353,2-Jun-19,Maryland,Gwynn Oak (Woodlawn),Whitehead Rd,0,0
1412390,2-Jun-19,New Jersey,Saddle River (Upper Saddle River),N/A,0,0
1413781,2-Jun-19,Illinois,Rockford,300 block of 15th Ave,0,0
1418699,2-Jun-19,Delaware,Wilmington,2300 block of Baynard Blvd,0,0
1414472,2-Jun-19,Rhode Island,Providence,Douglas Ave and Chad Brown St,0,0
1412753,2-Jun-19,Virginia,Norfolk,500 block of E Brambleton Ave,1,0
1413320,2-Jun-19,Maryland,Severn,Gray Bird Ct and Hawk Ct,0,1
1412727,2-Jun-19,Ohio,Cincinnati,2300 block of Auburn Ave,0,0
1419826,1-Jun-19,Pennsylvania,York,1800 block of Ivy Pump Ln,0,0
1411855,1-Jun-19,Georgia,Cartersville,Gray Rd NW & Old Rudy York Rd NW,3,0
1412676,1-Jun-19,Missouri,Saint Charles,2500 block of Chesstal St,1,0
1413305,1-Jun-19,Kentucky,Glasgow,Cumberland St,0,0
1411896,1-Jun-19,Massachusetts,Brockton,Pleasant St and Keene St,0,1
1412052,1-Jun-19,Texas,Waco,1320 S Valley Mills Dr,0,1
1414109,1-Jun-19,Tennessee,Johnson City,1112 Carroll Creek Rd,0,0
1412302,1-Jun-19,Maryland,Ellicott City,4261 Montgomery Rd,1,0
1413076,1-Jun-19,Tennessee,New Tazewell,Nell St,0,0
1413612,1-Jun-19,Missouri,Granby,Reindeer Dr,0,1
1412880,1-Jun-19,Ohio,Lancaster,800 block of N Columbus St,0,0
1413203,1-Jun-19,Kentucky,Louisville,8900 block of Smyrna Pkwy,0,0
1413999,1-Jun-19,Nebraska,Lincoln,6045 Meridian Dr,0,0
1557504,1-Jun-19,Iowa,Cedar Rapids,N/A,0,0
1411761,1-Jun-19,New Jersey,Atlantic City,Fairmount Ave and N Sovereign Ave,0,1
1413888,1-Jun-19,Pennsylvania,Altoona,200 block of E 6th St,0,0
1412860,1-Jun-19,New Jersey,Wildwood,200 block of E Montgomery Ave,0,0
1419397,1-Jun-19,Georgia,Douglasville,Anneewakee Rd,0,0
1412341,1-Jun-19,Delaware,Dover,492 Walnut Shade Rd,0,0
1412307,1-Jun-19,Maryland,Baltimore,5656 The Alameda,0,1
1416425,1-Jun-19,Delaware,Wilmington,1200 block of N Walnut St,0,0
1415329,1-Jun-19,Illinois,Buffalo Grove,S Buffalo Grove Rd and Bernard Dr,0,0
1412203,1-Jun-19,Ohio,Dayton,400 block of Xenia Ave,0,1
1442865,1-Jun-19,Ohio,Independence,Rockside Rd,0,0
1411181,31-May-19,Massachusetts,Brockton,237 Perkins Ave,0,0
1411158,31-May-19,Missouri,Rolla,100 block of S Elm St,0,1
1414249,31-May-19,Ohio,Youngstown,New York Ave,0,0
1413348,31-May-19,North Carolina,Goldsboro,US 70 and NC 581 N,0,0
1412238,31-May-19,Massachusetts,Boston,121 Devon St,0,0
1410442,31-May-19,Virginia,Virginia Beach,2405 Courthouse Drive,13,4
1413210,31-May-19,South Carolina,Winnsboro,300 block of Holly St,0,0
1410493,31-May-19,Louisiana,New Orleans,600 block of Bourbon St,0,0
1410306,31-May-19,Kentucky,Paducah,N Friendship Rd,0,0
1410304,31-May-19,Florida,Big Pine Key,29859 Overseas Hwy,0,0
1452715,31-May-19,Texas,Lufkin,Keltys St,0,0
1414856,31-May-19,New Jersey,Hackensack,216 1st St,0,0
1412922,31-May-19,Pennsylvania,Reading,1400 block of N Front St,0,0
1412338,31-May-19,Delaware,Seaford,20000 block of Mellin Rd,0,0
1414467,31-May-19,Texas,Livingston,200 block of Barbara Trail,1,1
1413329,31-May-19,Maryland,Brooklyn (Brooklyn Park),5000 block of Patrick Henry Dr,0,0
1464482,31-May-19,Texas,Abilene,1100 block of Palm St,0,0
1411192,30-May-19,Connecticut,Waterbury,89 Ridgewood St,0,0
1409878,30-May-19,North Carolina,Clayton,1892 Polenta Rd,0,0
1501893,30-May-19,Texas,San Antonio,S New Braunfels Ave,0,1
1411132,30-May-19,Massachusetts,Stoneham,Main St and Montvale Ave,0,0
1409672,30-May-19,Alabama,Huntsville,2999 Woodway Dr SW,1,0
1410908,30-May-19,North Carolina,High Point,302 Ardale Dr,0,0
1411771,30-May-19,Illinois,Aurora,300 block of State St,0,0
1410717,30-May-19,California,Gilroy,9200 block of Kern Ave,0,0
1410148,30-May-19,Maryland,Germantown,12600 block of Grey Eagle Ct,0,1
1410606,30-May-19,Ohio,Youngstown,1531 Oak Ln,0,0
1411147,30-May-19,Minnesota,Minneapolis,E Lake St and 12th Ave S,1,0
1410593,30-May-19,Illinois,Rockford,Whitman St and N Winnebago St,0,0
1411621,30-May-19,Florida,Ocala,N/A,0,0
1410564,30-May-19,Ohio,Columbus,Christopher Park Ln,0,0
1412524,30-May-19,Massachusetts,Boston,Charter St and Jackson Ave,0,0
1410352,30-May-19,California,Fresno,5500 block of W Weathermaker Ave,0,0
1409478,30-May-19,Ohio,Youngstown,3500 block of Zedaker Ave,0,0
1410275,30-May-19,West Virginia,Ghent,127 Lakeview Dr,0,0
1411076,30-May-19,Tennessee,Antioch,2400 block of Edge O Lake Dr,0,0
1421126,30-May-19,Delaware,Wilmington,1700 block of Lancaster Ave,0,0
1413752,30-May-19,Maryland,Baltimore,4000 block of Clarks Ln,0,0
1414543,30-May-19,Maryland,Westminster,100 block of Charles St,0,0
1622438,30-May-19,New York,Staten Island,100 block of Castleton Ave,0,0
1411302,30-May-19,Washington,Sedro Woolley,100 block of Ferry St,0,1
1410482,30-May-19,Ohio,Cleveland,9025 Laisy Ave,1,2
1432781,29-May-19,North Carolina,Marion,US 221 N,0,0
1408289,29-May-19,Texas,Cleveland,26311 TX-321,3,2
1410347,29-May-19,Virginia,Painter,Boggs Rd,1,0
1409636,29-May-19,Iowa,Des Moines,5700 block of SE 34th St,0,1
1409722,29-May-19,Connecticut,Stamford,Summer St and Main St,0,0
1442859,29-May-19,Ohio,Brecksville,E Wallings Rd,0,0
1408797,29-May-19,Wisconsin,Milwaukee,749 W State St,0,1
1409693,29-May-19,Massachusetts,Milford,54 South Bow St,0,0
1409687,29-May-19,New York,Staten Island,100 block of Park Hill Ave,0,0
1409667,29-May-19,Virginia,Lexington,2800 block of US 60,0,0
1408726,29-May-19,Ohio,Toledo,2800 block of Chestnut St,1,2
1408518,29-May-19,Virginia,Roanoke,3501 Shenandoah Ave NW,0,3
1408771,29-May-19,New Jersey,Trenton,200 block of Oliver Ave,0,0
1409628,29-May-19,Alabama,Tuscaloosa,1350 James I Harrison Jr Pkwy,0,2
1409643,29-May-19,Massachusetts,Stoughton,85 Pearl St,0,0
1410772,29-May-19,Washington,Seattle,6000 block of Martin Luther King Jr Way S,0,0
1409638,29-May-19,Massachusetts,Boston,16 Middleton St,0,0
1517770,29-May-19,Tennessee,Nashville,25th Ave N,0,0
1410734,29-May-19,South Carolina,Bluffton,Foxchase Ln and Bartons Run Dr,0,0
1409334,29-May-19,Illinois,Chicago,8700 block of S Kingston Ave,1,0
1409517,29-May-19,Florida,Fort Myers,5500 block of 10th Ave,0,0
1409505,29-May-19,Florida,Port Saint Lucie,850 block of SW Duncan Terrace,0,0
1409495,29-May-19,Florida,Miami,2537 SW 54th St,0,1
1410448,29-May-19,Tennessee,Nashville,S 5th St,0,1
1410420,29-May-19,Louisiana,Baton Rouge,Florida Blvd,0,0
1410256,29-May-19,Florida,Winter Haven,N/A,0,0
1409398,29-May-19,Indiana,Terre Haute,1800 block of S 4th St,0,0
1527981,29-May-19,Florida,Pensacola,Edgemont Dr,0,0
1412346,29-May-19,Delaware,Bear,Wicklow Rd,0,0
1410150,29-May-19,Maryland,Millington,397 Hazel St,0,0
1415349,29-May-19,Delaware,Wilmington,Cedar St and Wright St,0,0
1418703,29-May-19,Delaware,Wilmington,900 block of E 17th St,0,0
1409233,29-May-19,New York,Corona (Queens),97th Ave and Sutphin Blvd,0,0
1409176,29-May-19,Oregon,Roseburg,1700 block of SE Mill St,0,0
1419960,29-May-19,Maine,Gouldsboro,US 1,0,0
1407321,28-May-19,Florida,Clewiston,1501 Francisco St,0,0
1407761,28-May-19,Kansas,Topeka,306 SE Golden Ave,0,0
1407847,28-May-19,Colorado,Pueblo,3100 block of Westview Dr,0,0
1410742,28-May-19,South Carolina,Myrtle Beach,John Luther Rd and Folly Rd,0,0
1408723,28-May-19,Tennessee,Clarksville,1100 block of TN 76,0,1
1422161,28-May-19,New Jersey,Sicklerville,Berlin Cross Keys Rd,0,0
1407656,28-May-19,Pennsylvania,Easton,11 N 4th St,0,0
1409151,28-May-19,Florida,Port Saint Lucie,300 block of NW Prima Vista Blvd,0,0
1412895,28-May-19,Pennsylvania,Chester,2500 block of W 3rd St,1,1
1409377,28-May-19,Pennsylvania,Coatesville,1014 Lincoln Hwy E,0,1
1407319,28-May-19,Florida,Naples,Immokalee Rd and Wilson Blvd,0,0
1408260,28-May-19,Maryland,Annapolis,1014 President St,0,0
1409235,28-May-19,Illinois,Decatur,400 block of W Sawyer St,0,0
1409198,28-May-19,Texas,Amarillo,300 block of Almond St,0,0
1409163,28-May-19,Arizona,Prescott,1841 AZ-69,0,0
1407960,28-May-19,Massachusetts,New Bedford,149 Dartmouth St,0,0
1409972,27-May-19,Louisiana,New Orleans,700 block of Bourbon St,0,0
1407112,27-May-19,District of Columbia,Washington,1300 block of Brentwood Rd NE,0,1
1407231,27-May-19,New York,Schenectady (Niskayuna),1515 Hillside Ave,2,0
1406934,27-May-19,Massachusetts,Boston,10 Degautier Way,0,0
1407928,27-May-19,Missouri,Joplin,W 45th St,0,0
1406188,27-May-19,Georgia,Concord,349 Bates Rd,1,1
1407266,27-May-19,Maryland,Glen Burnie,101 Governors Ct,0,2
1409658,27-May-19,New York,Staten Island,Cannon Ave and Victory Blvd,0,0
1407043,27-May-19,Kansas,Wichita,1900 block of S Glenn Ave,1,0
1408695,27-May-19,Virginia,Collinsville,50 Mason Ct,0,0
1406881,27-May-19,Ohio,Springfield,1436 Woodward Ave,0,0
1444337,27-May-19,Ohio,Ashtabula,7800 block of Depot Rd,0,0
1407582,27-May-19,Tennessee,Memphis,712 Tanglewood St,0,0
1406147,27-May-19,Florida,Pensacola,2369 N Palafox St,1,1
1407374,27-May-19,Georgia,Fairburn,7975 Senoia Rd,0,0
1406913,27-May-19,New York,Brooklyn,Hemlock St and Stanley Ave,1,2
1409238,27-May-19,Illinois,Decatur,500 block of S 23rd Pl,0,0
1408148,27-May-19,Mississippi,Hattiesburg,US 49 and W.S.F. Tatum Blvd,0,0
1408788,27-May-19,Georgia,Hephzibah,3032 Tobacco Rd,0,1
1420995,26-May-19,Texas,Brownwood (Lake Brownwood),N/A,0,1
1406926,26-May-19,Louisiana,Shreveport,7610 Blanchard Latex Rd,1,0
1406293,26-May-19,California,Arcata,Foster Ave and Alliance Rd,1,1
1415785,26-May-19,Mississippi,Indianola,700 US-82,0,0
1406929,26-May-19,Massachusetts,Boston,70 Ames St,0,0
1405648,26-May-19,Arizona,Phoenix,35th Ave and Camelback Rd,0,1
1517831,26-May-19,Wisconsin,Kiel,123 Southridge Drive,3,0
1409577,26-May-19,Florida,Altoona,N/A,0,0
1410272,26-May-19,Florida,Valrico,1035 Grand Canyon Dr,1,0
1405299,26-May-19,Illinois,Chicago,1300 block of W Hastings St,2,3
1405907,26-May-19,Tennessee,Nashville,204 Commerce St,1,0
1406518,26-May-19,New Jersey,Paterson,Rosa Parks Blvd and Putnam St,0,0
1406226,26-May-19,South Carolina,Myrtle Beach,100 Cedar St,0,0
1425565,26-May-19,Illinois,East Saint Louis,N/A,0,1
1406191,26-May-19,Georgia,Warner Robins,1238 South Houston Lake Rd,0,1
1414465,26-May-19,Rhode Island,West Warwick,Legris Ave and New London Ave,0,0
1407274,26-May-19,Illinois,Schaumburg,1200 American Ln,0,0
1407269,26-May-19,Maryland,Smithsburg,12835 Bikle Rd,0,1
1408207,26-May-19,Texas,Grand Prairie,W Pioneer Pkwy and S Carrier Pkwy,0,1
1407496,26-May-19,North Carolina,Hubert,Sandridge Rd,0,1
1405654,26-May-19,Missouri,Kansas City,7000 block of Bellefontaine Ave,1,0
1408143,26-May-19,New Hampshire,Portsmouth,US 1 Bypass,0,0
1409975,25-May-19,North Dakota,New Salem,N/A,0,0
1407987,25-May-19,Missouri,Tipton,Alexander Rd,0,0
1405151,25-May-19,New York,Rochester,Merrimac St,0,0
1405149,25-May-19,Texas,Austin,50 block of I-35,0,0
1404771,25-May-19,Tennessee,Memphis,2900 block of Clearbrook St,1,0
1409755,25-May-19,Arkansas,Little Rock,2900 block of Albert Pike,0,0
1408399,25-May-19,New Jersey,Villas,5 S Carolina Ave,0,0
1406972,25-May-19,Vermont,Burlington,57 Oak St,0,0
1409703,25-May-19,Massachusetts,Fitchburg,Meadowbrook Ln,0,0
1407855,25-May-19,West Virginia,Weston,649 US 33,1,0
1408274,25-May-19,Florida,Callahan,35157 Goodbread Rd,0,1
1407815,25-May-19,Alabama,Gadsden,100 block of N 2nd St,0,0
1405820,25-May-19,Pennsylvania,Uniontown,231 Pittsburgh St,0,1
1407748,25-May-19,Nebraska,Lincoln,832 Garfield St,0,0
1404490,25-May-19,Louisiana,Metairie,4520 S I-10 Service Rd W,1,0
1407526,25-May-19,Kentucky,Hopkinsville,3080 Russellville Rd,0,0
1407893,25-May-19,Missouri,Saint Louis,6497 Chippewa St,0,1
1413236,25-May-19,West Virginia,Branchland,N/A,0,1
1404526,25-May-19,Georgia,Atlanta,1937 Piedmont Cir NE,1,2
1406482,25-May-19,California,Emeryville,5850 Shellmound Way,0,0
1406303,25-May-19,Michigan,Kalamazoo,800 block of Riverview Dr,0,0
1406299,25-May-19,Michigan,Kalamazoo,1320 Fox Ridge Dr,0,0
1405497,25-May-19,California,Paradise,Sawmill Rd and Bille Rd,0,0
1405273,25-May-19,Illinois,Chicago,2800 block of W 51st St,0,0
1404485,25-May-19,Louisiana,New Orleans,2500 block of Andry St,0,0
1405403,25-May-19,Illinois,Chicago,1100 block of S Albany Ave,0,1
1569155,25-May-19,Maryland,Baltimore,I-95 and Montgomery Rd,0,0
1408777,25-May-19,Illinois,Alton,N/A,0,1
1408305,25-May-19,Florida,Haines City,N 10th St,0,0
1409241,25-May-19,Illinois,Decatur,600 block of E Grand Ave,0,0
1408234,25-May-19,Connecticut,West Haven,Campbell Ave,0,0
1407115,25-May-19,Maryland,Baltimore,100 block of E Wells St,0,0
1408193,25-May-19,Connecticut,Dayville,305 Hartford Pike,0,0
1405018,25-May-19,Massachusetts,Oxford,339 Main St,0,1
1407050,24-May-19,California,Santa Maria (Orcutt),5001 Orcutt Rd,0,0
1403820,24-May-19,Texas,San Antonio,600 block of H St,0,1
1404149,24-May-19,Kentucky,Bowling Green,150 American Ave,0,1
1405153,24-May-19,Florida,Port Saint Lucie,SW Ember St,0,0
1407902,24-May-19,California,Taft,27000 block of Dustin Acres Rd,0,0
1404571,24-May-19,Florida,Vero Beach,I-95,1,0
1405870,24-May-19,Ohio,Canton,4th St NW and Ralph Ct NW,0,0
1404860,24-May-19,South Carolina,Effingham,900 block of Alligator Rd,0,0
1403911,24-May-19,Pennsylvania,Allentown,137 N 2nd St,0,0
1405656,24-May-19,Alabama,Athens,Elk River Mills Rd,0,0
1404653,24-May-19,Florida,Ocala,2901 SW 41st St,0,0
1405041,24-May-19,New York,New York (Manhattan),Sixth Ave and W Broadway,0,0
1406553,24-May-19,New Jersey,Wildwood,3800 block of Susquehanna Ave,0,0
1406498,24-May-19,California,Fairfield,N Texas St,0,0
1409479,24-May-19,Missouri,Silex,4600 block of Hwy H,1,0
1432092,24-May-19,Florida,Bunnell,1103 N State St,0,0
2133971,24-May-19,Texas,Beaumont,2155 N 11th St,1,0
1403785,24-May-19,Michigan,Detroit,11400 block of Broadstreet Ave,0,1
1404566,24-May-19,Texas,Houston,5901 Selinsky Rd,1,1
1403707,24-May-19,Georgia,Augusta,Randall Rd,0,1
1413721,24-May-19,Maryland,Salisbury,500 block of Dover St,0,0
1405315,24-May-19,Maryland,Berlin (Ocean Pines),50 block of Duck Cove Cir,0,0
1411134,24-May-19,Florida,West Palm Beach,Beech Rd,0,0
1508097,24-May-19,Delaware,Wilmington,300 block of Concord Ave,0,0
1413713,24-May-19,Delaware,Wilmington,700 block of S Van Buren St,0,0
1407225,24-May-19,New York,Brooklyn,Clarendon Rd,0,0
1408050,24-May-19,Massachusetts,Worcester,194 Grafton St,0,0
1405205,24-May-19,New Hampshire,Concord,73 Shaker Rd,0,0
1421010,24-May-19,Texas,Weslaco,Jade St,0,0
1404316,24-May-19,Colorado,Johnstown,4990 Ronald Reagan Blvd,0,1
1404201,23-May-19,Louisiana,Mandeville,N/A,0,0
1403894,23-May-19,Pennsylvania,Philadelphia,300 block of S Camac St,0,0
1404100,23-May-19,Kentucky,Madisonville,242 Daniel Dr,0,0
1404311,23-May-19,Wisconsin,Milwaukee,2500 block of W Hopkins St,1,0
1403992,23-May-19,Iowa,Iowa City,700 block of Michael St,1,0
1404828,23-May-19,South Carolina,Charleston (James Island),Honeyhill Rd,0,0
1404815,23-May-19,California,Fresno,600 block of S Backer Ave,0,0
1404711,23-May-19,Florida,Tallahassee,1717 W Tharpe St,0,0
1403888,23-May-19,Kentucky,La Grange,Spann Ln,0,0
1407676,23-May-19,New York,Staten Island,Holland Ave,0,0
1405632,23-May-19,Washington,Bremerton,3249 Perry Ave,0,0
1432198,23-May-19,Florida,Jacksonville,10401 Atlantic Blvd,0,0
1407333,23-May-19,Florida,Sarasota,1800 block of 24th St,0,0
1466663,23-May-19,Florida,Lake Worth,N/A,0,0
1420150,23-May-19,Maryland,Bushwood,Upland Dr,0,0
1403698,23-May-19,Georgia,Lithonia,3991 Snapfinger Rd,0,0
1405043,23-May-19,Maryland,Pocomoke City,MD-13 and Brantley Rd,0,0
1413711,23-May-19,Delaware,Wilmington,100 block of N Van Buren St,0,0
1403521,23-May-19,New Jersey,Paterson,175 N Main St,0,0
1404435,23-May-19,New Jersey,Newark,Broadway and Bloomfield Pl,0,0
1404186,23-May-19,Rhode Island,Lincoln,100 Twin River Rd,0,0
1409160,23-May-19,Arizona,Litchfield Park,Wigwam Creek Blvd and N Rattler Way,0,0
1405174,23-May-19,Massachusetts,Cambridge,Washington St andPine St,0,0
1403358,23-May-19,Tennessee,Nashville,Anderson Dr,0,1
1404057,23-May-19,Massachusetts,Boston,Topliff St,0,0
1403286,22-May-19,Michigan,Eastpointe,Gratiot Ave and E 9 Mile Rd,0,0
1402432,22-May-19,Massachusetts,East Bridgewater,Bedford St,0,0
1403284,22-May-19,Missouri,Columbia,N/A,0,0
1402335,22-May-19,Connecticut,Waterbury,140 Central Ave,0,0
1403255,22-May-19,Connecticut,Bridgeport,702  Capitol Ave,0,0
1403202,22-May-19,Massachusetts,Brockton,660 Warren Ave,0,0
1402680,22-May-19,California,West Hills,22633 Vanowen St,2,0
1403195,22-May-19,Massachusetts,Boston,Rutherford Ave and Old Rutherford Ave,0,0
1404388,22-May-19,Arizona,Globe,US-60,0,0
1403154,22-May-19,Delaware,Newark,2400 block of Millstone Dr,0,0
1403599,22-May-19,Maryland,Severn,8200 block of Stewarton Ct,0,0
1401721,22-May-19,Kentucky,Lexington,Chelsea Woods Ct,0,0
1402054,22-May-19,Kentucky,Radcliff,1500 block of Pin Oak Ct,1,0
1404428,22-May-19,New Jersey,Trenton,74 Bellevue Ave,1,0
1402953,22-May-19,Kansas,Leavenworth,300 N 4th St,0,0
1403833,22-May-19,North Carolina,Sneads Ferry,Old Folkstone Rd,0,0
1401994,22-May-19,District of Columbia,Washington,50 block of Channing St NW,0,0
1402025,22-May-19,Indiana,Fort Wayne,3600 block of Oliver St,1,0
1438303,22-May-19,District of Columbia,Washington,1500 block of F St NE,0,0
1404496,22-May-19,Illinois,Bolingbrook,400 block of Beaconridge/Mallview,0,0
1409411,22-May-19,Indiana,Winchester,300 block of W Franklin St,0,0
1402669,22-May-19,District of Columbia,Washington,1800 block of E St NE,0,0
1402105,22-May-19,New York,Pittsford,Monroe Ave,0,0
1410136,22-May-19,Delaware,Wilmington,1100 block of W 4th St,0,0
1413718,22-May-19,Maryland,Salisbury,100 block of Winterborn Ln,0,0
1403516,22-May-19,Texas,Waco (Bellmead),100 block of Lopez St,0,0
1402554,22-May-19,Pennsylvania,Philadelphia,1558 E Lycoming St,0,1
1408082,22-May-19,Texas,San Antonio,5900 block of Lost Creek,0,0
1404396,22-May-19,Washington,Kennewick,Fruitland St and Entiat Ave,0,0
1401711,22-May-19,Connecticut,Hartford,888 Garden St,0,0
1403489,22-May-19,Texas,Garland,4460 W Walnut St,1,0
1402455,21-May-19,Massachusetts,Boston,Millet St and Southern Ave,0,0
1401648,21-May-19,Maine,Auburn,185 Main St,1,0
1404218,21-May-19,Louisiana,West Monroe (Brownsville),Ouachita Dr and Spell St,0,0
1402149,21-May-19,Massachusetts,Boston,25 Perrin St,0,0
1402151,21-May-19,Massachusetts,Boston,8 Darlington St,0,0
1404199,21-May-19,New Hampshire,Merrimack,NH 101A,0,0
1402099,21-May-19,Washington,Seattle,4300 block of Jill Place S,0,1
1402078,21-May-19,California,Tehachapi,Red Apple Ave and Westwood Blvd,1,0
1401234,21-May-19,California,Bakersfield,Tamarack St and Blackburn St,0,0
1403081,21-May-19,New Jersey,Clifton,797 Valley Rd,0,0
1401121,21-May-19,Oregon,Bend,61303 S Hwy 97,0,0
1403929,21-May-19,Pennsylvania,Shartlesville,5600 block of Old US 22,0,0
1403874,21-May-19,West Virginia,Spelter,255 Ziesing Street,0,0
1436432,21-May-19,New Mexico,Las Cruces,5300 block of Cristo Rey St,2,0
1401892,21-May-19,Florida,Bartow,1500 S Jackson Ave,0,1
1405082,21-May-19,Delaware,Lewes,22971 Suburban Blvd,0,0
1408263,21-May-19,Florida,Fort Lauderdale,100 Terminal Dr,0,0
1409286,21-May-19,Delaware,Wilmington,9th St and Tatnall St,0,0
1448072,21-May-19,District of Columbia,Washington,600 block of Quintana Pl NW,0,0
1405857,21-May-19,Illinois,Decatur,1500 block of E Grand Ave,0,0
1403535,21-May-19,New York,Staten Island,1100 block of Castleton Ave,0,0
1402195,21-May-19,Connecticut,New Haven,730 Congress Ave,1,0
1401643,21-May-19,Texas,Fort Worth,1333 E Berry St,1,0
1403307,20-May-19,Connecticut,Windsor Locks,5 Ella Grasso Turnpike,0,0
1401523,20-May-19,Massachusetts,Hyannis,63 LaFrance Ave,0,0
1402360,20-May-19,Alabama,Eufaula,Veterans Pkwy,0,0
1401290,20-May-19,New York,Hampton,NY-22A,0,0
1401273,20-May-19,New York,Wolcott,N/A,0,0
1401239,20-May-19,California,Fresno,E Butler Ave and S Orange Ave,0,0
1402132,20-May-19,Illinois,Rockford,400 block of 27th St,0,1
1400302,20-May-19,Florida,Miami Gardens,NW 204th St and 23rd Ct,1,0
1402097,20-May-19,Kentucky,Hopkinsville,400 block of Moores Dr,0,0
1402095,20-May-19,Washington,Seattle,304 N 36th St,0,0
1401115,20-May-19,Tennessee,Riceville,125 Co Rd 67,0,0
1400130,20-May-19,Kentucky,Bronston,418 Bonnie Blue Lane,0,1
1400211,20-May-19,Indiana,Terre Haute,2600 S 19th St,0,1
1400494,20-May-19,Nebraska,Lincoln,2930 S 37th St,0,0
1400140,20-May-19,Indiana,Fort Wayne,2509 Winch St,0,0
1400847,20-May-19,Florida,Tallahassee,5317 W Tennessee St,0,0
1400076,20-May-19,Massachusetts,Attleboro,1249 Newport Ave,0,1
1400721,20-May-19,Texas,Tyler,County Rd 273 and Old Henderson Rd,0,1
1400998,20-May-19,District of Columbia,Washington,600 block of Longfellow St NW,0,0
1401093,20-May-19,Arizona,Phoenix,1500 E. La Salle St,1,1
1405914,19-May-19,Ohio,Brunswick,Dartmouth Ln,0,0
1399519,19-May-19,Arkansas,Jonesboro,Southwest Dr,0,0
1399494,19-May-19,Massachusetts,Boston,Warren St and Walnut St,0,0
1400953,19-May-19,Nebraska,Lincoln,801 R St,0,0
1400360,19-May-19,Colorado,Trinidad,I-25 and W Main St,1,0
1399513,19-May-19,Arkansas,Little Rock,1401 S Shackleford Rd,0,0
1605788,19-May-19,Nevada,Las Vegas,3528 S Maryland Parkway,0,1
1399997,19-May-19,Illinois,Rockford,748 Gabriela Court,0,0
1399897,18-May-19,Utah,Ogden,511 31st St,1,0
1399704,18-May-19,New York,Buffalo,Grant St and Lafayette St,0,0
1398821,18-May-19,New York,New York (Manhattan),Columbia St and Rivington St,0,0
1398584,18-May-19,Iowa,Cedar Rapids,70 Kirkwood Ct SW,2,2
1401031,18-May-19,South Carolina,Greenwood,451 Grove St,0,0
1399483,18-May-19,Massachusetts,Boston,30 Richfield St,0,0
1414095,18-May-19,North Carolina,Marion,Mountain Crest Dr,0,0
1400724,18-May-19,Nebraska,Lincoln,N 65th St and Vine St,0,0
1563333,18-May-19,Illinois,Champaign,507 W University Ave,0,0
1399280,18-May-19,Maryland,Columbia,5801 Stevens Forest Rd,0,1
1413998,18-May-19,Nebraska,Lincoln,2107 Preamble Ct,0,0
1399278,18-May-19,Maryland,Baltimore,700 block of Willow Ave,0,0
1399269,18-May-19,Delaware,New Castle,1213 West Ave,0,0
1398538,18-May-19,Indiana,Muncie,2410 W. Euclid Ave,1,6
1399186,18-May-19,Kentucky,Hopkinsville,Woodmill Rd,0,0
1399864,18-May-19,Arizona,Parks,Co Rd 141,1,0
1416174,18-May-19,Louisiana,Harvey,1500 block of Manhattan Blvd,0,1
1398671,18-May-19,Tennessee,Morristown,1155 Mcfarland St,2,1
1401667,18-May-19,Connecticut,Waterbury,Chestnut Ave,0,0
1401339,17-May-19,New York,Hinsdale,Pennsylvania Rd,0,0
2011251,17-May-19,Illinois,Galesburg,Iowa Ct,0,0
1402111,17-May-19,Wisconsin,Sheboygan,2200 block of N 11th St,0,0
1401200,17-May-19,North Carolina,Greenville,954 Katherines Pl,0,0
1398838,17-May-19,Massachusetts,Reading,I-93,0,0
1398814,17-May-19,Massachusetts,Boston,950 American Legion Hwy,0,0
1398629,17-May-19,Iowa,Dubuque,818 Rhomberg Ave,0,0
1398459,17-May-19,Virginia,Williamsburg,4615 Opportunity Way,0,0
1403162,17-May-19,West Virginia,Buckhannon,N/A,0,0
1397793,17-May-19,Ohio,Circleville,121 W Ohio St,0,0
1398381,17-May-19,Massachusetts,Lynn,32 Magnolia Ave,0,0
1398202,17-May-19,Massachusetts,Boston,Blue Hill Ave and W Cottage St,0,0
1398806,17-May-19,Maryland,Aberdeen,300 block of Center Deen Ave,0,0
1399968,17-May-19,Florida,Tallahassee,1717 W Tharpe St,0,0
1397958,17-May-19,District of Columbia,Washington,1300 block of Columbia Rd NW,0,2
1397564,17-May-19,Maryland,Baltimore,3200 block of Old York Rd,0,0
1409281,17-May-19,Delaware,Wilmington,16th St and Jessup St,0,0
1400768,17-May-19,Maryland,Hagerstown,Jonathan St and Murph Ave,0,0
1475352,17-May-19,Arizona,Phoenix,3845 E University Dr,0,0
1398504,17-May-19,Connecticut,Waterbury,209 Wolcott St,0,0
1398433,17-May-19,Virginia,Richmond,2800 block of Eagle Trace Terrace,0,0
1398049,17-May-19,Tennessee,Memphis,November 6th St and Floyd Alley,0,1
1398198,16-May-19,Kentucky,Nicholasville,Liberty St,0,0
1398318,16-May-19,Massachusetts,New Bedford,Rockdale Ave and Grape St,0,0
1399026,16-May-19,Montana,Bozeman,Homestead Rd,0,0
1396749,16-May-19,New York,Newburgh,508 Liberty St,0,0
1400394,16-May-19,Colorado,Grand Junction,500 block of Melody Ln,0,0
1398920,16-May-19,Connecticut,Bridgeport,Taft Ave,0,0
1401245,16-May-19,Kansas,Leavenworth,700 block of Ottawa St,0,0
1398119,16-May-19,Virginia,Lynchburg,2315 Yorktown Ave,1,1
1396911,16-May-19,Texas,Dallas,5151 Mercantile Row,0,2
1400954,16-May-19,Nebraska,Lincoln,3747 S 27th St,0,0
1410281,16-May-19,Florida,Tallahassee,3221 N Monroe St,0,0
1398692,16-May-19,New York,Port Byron,8695 Thompson Rd,0,0
1399225,16-May-19,Illinois,Chicago,3500 block of W Augusta Blvd,0,1
1399962,16-May-19,Florida,North Port,5600 block of Brickell Dr,0,0
1397825,16-May-19,Illinois,Chicago,600 block of N Central Ave,0,1
1399942,16-May-19,Florida,Okeechobee,200 block of NE 11th St,0,0
1403564,16-May-19,Delaware,Wilmington,300 block of E 7th St,0,0
1397003,16-May-19,Delaware,Bear,700 block of Pulaski Hwy,0,0
1403562,16-May-19,Delaware,Wilmington,400 block of Delamore Pl,0,0
1396686,16-May-19,District of Columbia,Washington,300 block of S St SE,0,0
1396805,16-May-19,Nebraska,Lincoln,N 27th St and Holdrege St,1,0
1398505,16-May-19,Tennessee,Cordova,7935 Club Dr,0,1
1398255,16-May-19,Illinois,Woodstock,14300 block of Ryan Ct,0,1
1397335,16-May-19,Georgia,Albany,1200 block of Cleveland St,0,1
1399818,16-May-19,Pennsylvania,Sewickley,100 North Ave,0,0
1399803,15-May-19,Pennsylvania,New Castle,1337 Patterson Rd,0,0
1395819,15-May-19,Florida,Miami,16800 SW 88th St,0,1
1398909,15-May-19,Maine,Lebanon,Heath Rd,0,0
1397084,15-May-19,Illinois,Rockford,4900 block of Alpine Park Dr,0,1
1395837,15-May-19,Florida,Fort Lauderdale,2300 block of SW 27th Ave,0,0
1404801,15-May-19,California,Vallejo,1080 Porter St,0,0
1395669,15-May-19,Pennsylvania,York,100 block of W Maple Rd,0,0
1397236,15-May-19,Massachusetts,Brockton,Spring St and Walnut St,0,0
1416650,15-May-19,Iowa,Des Moines,1100 block of Euclid Ave,0,0
1397691,15-May-19,Nebraska,Lincoln,2415 S 14th St,0,0
1396783,15-May-19,Ohio,Canton,1206 Lippert Rd NE,0,0
1396786,15-May-19,Ohio,Cincinnati,4040 Harrison Ave,0,0
1397572,15-May-19,New York,Schenectady (Niskayuna),2709 Balltown Rd,0,0
1402623,15-May-19,Delaware,Wilmington,700 block of W 4th St,0,0
1400761,15-May-19,Delaware,Wilmington,2800 block of N Tatnall St,0,0
1397606,15-May-19,New York,Staten Island,Wright St and Thompson St,0,0
1396569,15-May-19,North Carolina,Shelby,500 block of Lineberger St,1,0
1396870,15-May-19,Pennsylvania,Penn Run,8289 US 422,0,0
1398292,15-May-19,Massachusetts,Quincy,25 Bersani Cir,0,0
1403340,15-May-19,Tennessee,Memphis,3615 S Goodlett St,0,0
1398228,15-May-19,Massachusetts,Boston,615 Warren St,0,0
1396436,15-May-19,Massachusetts,Boston,150 Dudley St,0,0
1395327,14-May-19,New York,Poughkeepsie,70 Forbus St,0,0
1398057,14-May-19,New York,Buffalo,51 Ontario St,0,0
1396489,14-May-19,Nevada,Las Vegas,3100 block of Bel Air Dr,1,0
1395795,14-May-19,Florida,Bunnell,502 E Drain St,0,0
1395149,14-May-19,Ohio,Dayton,4400 block of Lee Dr,0,1
1395459,14-May-19,Minnesota,Minneapolis,1800 block of Lowry Ave N,1,0
1397849,14-May-19,Pennsylvania,Altoona,N 8th St and 6th Ave,0,0
1396752,14-May-19,Indiana,Griffith,200 block of N Colfax St,1,0
1396853,14-May-19,Pennsylvania,Lancaster,500 block of Church St,0,0
1401687,14-May-19,New Mexico,Tucumcari,800 block of N 2nd St,0,0
1395207,14-May-19,Massachusetts,Rockland,57 Church St,0,0
1395573,14-May-19,Illinois,Chicago,200 block of W 113th St,1,1
1395531,14-May-19,Delaware,Cheswold,DE 13 and DE 42,0,0
1395529,14-May-19,Delaware,Harrington,S DuPont Hwy and Center St,0,0
1399192,14-May-19,Oregon,Medford,Prune St and Benson St,0,1
1396340,14-May-19,Virginia,Petersburg,1400 block of Baylors Ln,0,0
1397473,14-May-19,Georgia,Lagrange,1400 block of Davis Rd,0,0
1397133,14-May-19,Connecticut,Torrington,211 High St,0,0
1398404,14-May-19,Massachusetts,Methuen,Sawyer St,0,0
1395455,14-May-19,Idaho,Coeur D Alene (Coeur D'alene),315 W Canfield Ave,0,0
1396395,14-May-19,Maine,Augusta,North St,0,0
1395235,13-May-19,Massachusetts,Worcester,38 Russell St,1,0
1395204,13-May-19,West Virginia,Huntington,800 3rd Ave,0,0
1394416,13-May-19,Florida,Orlando (Lake Buena Vista),1180 Seven Seas Dr,0,0
1394376,13-May-19,North Carolina,Winston Salem (Winston-salem),5501 Murray Rd,0,0
1395340,13-May-19,California,Oxnard,First St and Eliza Ct,0,0
1396050,13-May-19,Florida,Miami Beach,Ocean Dr and 9th St,0,0
1394295,13-May-19,Kentucky,Danville,470 Stanford Ave,0,0
1415601,13-May-19,Iowa,Dubuque,E 18th St and White St,0,0
1394225,13-May-19,New York,Poughkeepsie,13 Academy St,0,0
1395148,13-May-19,Alabama,Athens,25000 Thach Rd,0,0
1394051,13-May-19,Kentucky,Louisville,1333 W Broadway,0,2
1398174,13-May-19,Arkansas,Mountain Home,Co Rd 643,0,0
1394592,13-May-19,Kansas,Wichita,1100 block of W Harry St,0,0
1394886,13-May-19,Nevada,Las Vegas,5200 block of S Pearl St,0,0
1410140,13-May-19,Delaware,Wilmington,N/A,0,0
1394593,13-May-19,Maryland,Rising Sun,400 block of Little New York Rd,1,0
1396656,13-May-19,Pennsylvania,Pittsburgh,Frankstown Ave and Sterrett St,0,0
1399191,13-May-19,Oregon,Medford,1200 block of N Riverside Ave,0,0
1395155,13-May-19,South Carolina,Charleston,2109 Savannah Hwy,0,1
1394608,13-May-19,Pennsylvania,Lancaster,700 block of S Lime St,0,1
1393785,13-May-19,New Jersey,Elizabeth,400 block of Irvington Ave,0,1
1403373,13-May-19,Nebraska,Scottsbluff,2214 Ave C,0,0
1394512,13-May-19,Oklahoma,Tulsa,E 6th St and S 73rd E Ave,0,0
1397327,13-May-19,Virginia,Charlottesville,300 block of Timberland Ln,0,0
1393618,12-May-19,Virginia,Roanoke,108 Campbell Ave SW,0,1
1393144,12-May-19,Florida,North Miami Beach (Sunny Isles Beach),18000 block of Collins Ave,1,2
1395359,12-May-19,Kentucky,Vine Grove,N/A,0,0
1395351,12-May-19,California,Oxnard,Keel Ave and Offshore St,0,0
1393657,12-May-19,Arkansas,Hot Springs National Park (Hot Springs),100 block of Lily Ruth Ct,1,1
1395225,12-May-19,Virginia,Richmond,203 W Charity St,0,0
1395006,12-May-19,Illinois,Carbondale,104 W Jackson St,0,0
1395108,12-May-19,Pennsylvania,Allentown,200 block of N 4th St,0,0
1401174,12-May-19,West Virginia,Huntington,1000 block of 9th Ave,0,0
1393612,12-May-19,Virginia,Suffolk,Jericho Ditch Trail,0,1
1393260,12-May-19,Ohio,Canton,1117 Wertz Ave NW,1,0
1393133,12-May-19,Florida,Jacksonville,Cleveland Rd and W 45th St,0,0
1393344,12-May-19,Indiana,Indianapolis,8500 block of Cressmoor Ct,0,0
1409415,12-May-19,Missouri,Pineville,Pleasant Ridge Rd,0,0
1405382,12-May-19,Florida,Lake Wales,N/A,0,2
1454850,12-May-19,Maryland,Hagerstown,900 block of Maryland Ave,0,0
1394698,12-May-19,Maryland,Westminster,S Center St,0,0
1393867,12-May-19,Utah,Riverton (Bluffdale),153rd S and 11th W,0,1
1393226,12-May-19,North Carolina,Lincolnton,3100 block of Lightview Lane,0,1
1393201,12-May-19,Pennsylvania,Scranton,1826 N Main Ave,1,2
1393545,12-May-19,Kentucky,Lexington,109 Towne Center Dr,0,0
1392351,11-May-19,Tennessee,Antioch,3800 block of Swan Ridge Dr,1,0
1393075,11-May-19,Vermont,Tunbridge,920 Gage Rd,1,0
1395097,11-May-19,Tennessee,Jackson,164 Allen Ave,1,0
1393178,11-May-19,Maine,York,Mill Ln,0,1
1395296,11-May-19,Massachusetts,Orange,E River St,0,0
1393361,11-May-19,Maine,Mechanic Falls,2nd Ave,0,0
1393294,11-May-19,Louisiana,New Orleans,Baronne St and Canal St,0,0
1393248,11-May-19,Massachusetts,Boston,50 Rockwell St,0,0
1452038,11-May-19,Ohio,Columbus,S Harris Ave,0,0
1392534,11-May-19,Nebraska,South Sioux City,1313 Dakota Ave,1,1
1393131,11-May-19,Pennsylvania,Philadelphia,1800 block of N Broad St,0,1
1395536,11-May-19,Maryland,Baltimore,2305 Cleanleigh Dr,0,0
1486349,11-May-19,West Virginia,Oak Hill,2421 Summerlee Rd,0,0
1392865,11-May-19,Maine,Lebanon,37 Bigelow Rd,2,0
1392565,11-May-19,Illinois,Chicago,1400 block of S Lawndale Ave,1,0
1392998,11-May-19,Texas,Houston,7702 Eastex Fwy,1,0
1614579,11-May-19,Maryland,Owings,7210 Southern Maryland Blvd,0,0
1395510,11-May-19,New Jersey,Trenton,400 block of Garfield Ave,0,1
1486004,11-May-19,Florida,Miami Gardens,347 Don Shula Dr,0,0
1396517,11-May-19,Kentucky,Bowling Green,330 E Main Ave,0,0
1392563,11-May-19,Arizona,Parks,N Parks Rd and E Aspen Dr,1,0
1434809,11-May-19,Connecticut,New Haven,255 Goffe St,0,0
1392963,11-May-19,New Mexico,Albuquerque,1400 block of Dorothy St NE,0,1
1395461,11-May-19,Washington,Spokane,N Market St,0,0
1392890,10-May-19,Tennessee,Memphis,International Dr and Poplar Ave,0,0
1395421,10-May-19,Maine,Wallagrass,1792 Aroostook Rd,0,0
1391989,10-May-19,Maryland,Greenbelt,6301 Ivy Ln,1,0
1392365,10-May-19,Massachusetts,Woburn,7 Samoset Rd,0,0
1392654,10-May-19,Nebraska,Tecumseh,789 N 4th St,0,2
1396014,10-May-19,Florida,Keystone Heights,7150 Wheaton Dr,0,0
1395990,10-May-19,New York,Auburn (Owasco),7133 Owasco Rd,0,0
1394273,10-May-19,Kentucky,Cave City,9451 Happy Valley Rd,0,0
1392198,10-May-19,Indiana,Fort Wayne,533 Villa Park Ct,0,0
1392111,10-May-19,Ohio,Cleves,Laurelwood Dr,0,0
1417114,10-May-19,Kentucky,Hopkinsville,N/A,0,0
1392017,10-May-19,Tennessee,Nashville,32nd Ave N,0,1
1401067,10-May-19,North Carolina,Old Fort,Paradise Ln,0,0
1392033,10-May-19,Iowa,Waterloo,824 W 8th St,1,0
1442272,10-May-19,Arizona,Phoenix,67th Avenue,0,0
1391886,10-May-19,District of Columbia,Washington,1900 block of Connecticut Ave NE,0,0
1391841,10-May-19,Wisconsin,Madison,500 block of Northport Dr,0,0
1393769,10-May-19,New Jersey,Paterson,339 Main St,0,0
1396704,10-May-19,Delaware,Wilmington,300 block of E 23rd St,0,0
1391688,10-May-19,Maryland,Baltimore,500 block of E 26th St,0,0
1397410,10-May-19,Michigan,Rockwood (Gibraltar),13600 block of Rose St,0,1
1402550,10-May-19,Utah,Salt Lake City (West Valley City),3898 W 4700 S,0,0
1421667,10-May-19,New Mexico,Santa Fe,Velarde Rd,0,0
1391031,9-May-19,District of Columbia,Washington,1300 block of Columbia Rd NW,0,2
1391221,9-May-19,Arkansas,Jonesboro,2200 block of Belt St,0,0
1397962,9-May-19,Ohio,Cleveland,1903 S Taylor Rd,0,0
1390678,9-May-19,Kentucky,Bowling Green,5670 Louisville Road,0,1
1391946,9-May-19,Indiana,Milford,400 block of Turkey Creek Dr,0,0
1391055,9-May-19,Massachusetts,Chelmsford,180 Tygnsboro Rd,0,0
1392496,9-May-19,Florida,Palm Coast,82 Pine Circle Dr,0,0
1391884,9-May-19,District of Columbia,Washington,1000 block of 17th St NE,0,0
1391882,9-May-19,District of Columbia,Washington,600 block of Morton St NW,0,0
1391880,9-May-19,District of Columbia,Washington,7th St NW and Kennedy St NW,0,0
1391877,9-May-19,District of Columbia,Washington,500 block of Decatur St NW,0,0
1751404,9-May-19,New York,Niagara Falls,328 Niagara St,0,0
1391812,9-May-19,Wisconsin,Racine,2801 12th St,0,0
1391098,9-May-19,Arizona,Phoenix,1602 S 7th Ave,1,0
1391626,9-May-19,Ohio,Columbus,1113 South Champion Ave,0,0
1391605,9-May-19,New Jersey,Trenton,300 block of N Clinton Ave,0,0
1392992,9-May-19,Nebraska,Lincoln,1016 F St,0,0
1391528,9-May-19,Nebraska,Lincoln,301 Centennial Mall S,0,0
1463504,8-May-19,Massachusetts,Hyannis,N/A,0,0
1391440,8-May-19,Florida,Plantation,10407 NW 5th St,1,0
1392764,8-May-19,Ohio,Cambridge,Hopewell Rd,0,0
1391243,8-May-19,Massachusetts,New Bedford,Reynolds St,0,0
1394073,8-May-19,Texas,Laredo,8600 block of Puerto Escondido,0,0
1391126,8-May-19,Nebraska,Lincoln,1700 block of Euclid St,0,0
1397304,8-May-19,Virginia,Charlottesville,1907 Emmet St,0,0
1391870,8-May-19,Minnesota,Hibbing,2600 block of 6th Ave E,0,0
1390173,8-May-19,New Jersey,Newark,Ferdinand St and Grove St,0,0
1390121,8-May-19,Oregon,Portland,3600 block of NE 90th Ave,0,0
1390326,8-May-19,Maine,Ogunquit,I-95,0,0
1391051,8-May-19,Rhode Island,North Providence,RI 146 and Mineral Spring Ave,0,0
1390819,8-May-19,Illinois,Chicago,5114 S Elizabeth St,0,1
1391956,8-May-19,Pennsylvania,Washington,I-70,0,0
1390811,8-May-19,Florida,Fort Walton Beach,Colonial Ct,0,0
1390423,8-May-19,Missouri,Joplin,1830 S Indiana Ave,0,0
1390110,8-May-19,Pennsylvania,Centerville,Creek Rd,0,1
1390788,8-May-19,Georgia,Savannah,900 block of E Waldburg St,0,0
1390775,8-May-19,Virginia,Petersburg,1900 block of Buckner St,0,0
1391732,8-May-19,Florida,Dade City,Reynolds St,0,1
1395662,8-May-19,Delaware,Wilmington,500 block of Washington St,0,0
1390622,8-May-19,Rhode Island,Warwick,10 Althea Rd,0,0
1389220,7-May-19,Colorado,Littleton (Highlands Ranch),8773 S Ridgeline Blvd,1,8
1390244,7-May-19,Tennessee,Nashville,S 6th St and Fatherland St,0,0
1389584,7-May-19,New York,Poughkeepsie,120 Hudson Ave,0,1
1389656,7-May-19,Georgia,Atlanta (College Park),5401 Old National Hwy,0,0
1389605,7-May-19,District of Columbia,Washington,2300 block of Good Hope Rd SE,0,0
1392146,7-May-19,West Virginia,Walkersville,6988 US 19,0,0
1391164,7-May-19,Alabama,Gadsden (Southside),Vista Trail,0,0
1389878,7-May-19,Utah,Provo,334 E Center St,1,0
1394932,7-May-19,Pennsylvania,Liberty,Washington Blvd,0,0
1389852,7-May-19,Wisconsin,Milwaukee,W Maple St and S 7th St,1,0
1394373,7-May-19,Ohio,Cincinnati,Eugenie Ln and LaFeuille Ave,0,1
1389643,7-May-19,New Jersey,Trenton,Stuyvesant Ave and Hoffman Ave,1,0
1389837,7-May-19,Delaware,Seaford,8700 block of Garden Ln,0,0
1389610,7-May-19,District of Columbia,Washington,1100 Pennsylvania Ave NW,0,0
1390979,7-May-19,Connecticut,Waterbury,175 Willow St,0,2
1390603,7-May-19,Minnesota,Minneapolis,2200 block of E 40th St,0,0
1389793,6-May-19,Connecticut,Stamford,44 Poplar St,0,0
1389785,6-May-19,Connecticut,Norwich,114 Broad St,0,0
1388541,6-May-19,Massachusetts,Boston,68 Magnolia St,0,0
1388431,6-May-19,New Jersey,Trenton,Farragut Ave and Garfield Ave,0,0
1388234,6-May-19,Virginia,Norfolk,3226 Cromwell Dr,0,1
1389680,6-May-19,California,Auburn,Brooke Rd,0,0
1388326,6-May-19,Pennsylvania,Reading,1216 N 12th St,0,0
1388161,6-May-19,Michigan,Detroit,555 E Lafayette St,0,3
1388915,6-May-19,Utah,Magna,2850 S 8400 W,0,0
1389446,6-May-19,Virginia,Dumfries,3100 block of Chesapeake Dr,0,0
1389491,6-May-19,Kentucky,Hopkinsville,Boales St,0,0
1560035,6-May-19,Illinois,Decatur,N Jasper St and E Garfield Ave,0,0
1390908,6-May-19,New Jersey,Willingboro,Tallwood Ln,0,0
1390729,6-May-19,Maryland,Williamsport,200 block of W Potomac St,0,0
1388921,6-May-19,New York,Bay Shore,Center Ave,0,0
1389820,6-May-19,Connecticut,Bridgeport,100 block of Stone Ridge Rd,0,0
1389929,6-May-19,Oklahoma,Tulsa,3101 W Edison St,0,0
1398437,6-May-19,Connecticut,New Haven,255 Goffe St,0,0
1391529,6-May-19,Nevada,Reno,Brinkby Ave,1,0
1387583,6-May-19,Pennsylvania,New Castle,15 E Cherry St,0,0
1387346,5-May-19,Virginia,Portsmouth,1300 block of Atlanta Ave,1,0
1387666,5-May-19,Washington,Seattle,515 2nd Ave,0,1
1390163,5-May-19,Illinois,Decatur,N/A,0,0
1390432,5-May-19,Tennessee,Nashville,1500 block of Hickory Hollow Terr,0,0
1395337,5-May-19,Missouri,Kansas City,5600 block of N Poe St,1,0
1387581,5-May-19,New Hampshire,Manchester,180 Bowman St,0,0
1387231,5-May-19,Texas,San Antonio,1209 N Zarzamora St,0,1
1387356,5-May-19,Pennsylvania,Ridgway,231 W Main St,1,0
1388271,5-May-19,Maryland,Salisbury,213 E Main St,0,2
1391964,5-May-19,Arizona,Safford,8th Ave and 13th St,0,0
1387291,5-May-19,Pennsylvania,Bethlehem,800 block of Argus Ct,0,1
1389259,5-May-19,South Carolina,Ladson,4300 block of Ladson Rd,0,1
1398535,5-May-19,Nevada,Reno,Vine St and 3rd St,1,0
1391066,5-May-19,Nebraska,Lincoln,1425 N 14th St,0,0
1392373,5-May-19,Illinois,Palatine,1900 block of N Green Ln N,0,0
1387120,5-May-19,Pennsylvania,Lebanon,10 block of N Patridge St,0,1
1387550,5-May-19,Massachusetts,Boston,Hutchings St and Humboldt Ave,0,0
1387440,4-May-19,Pennsylvania,Erie,500 block of E 21st St,0,1
1386518,4-May-19,Alabama,Dothan,2300 block of Denton Rd,0,3
1389239,4-May-19,Indiana,Evansville,N/A,0,0
1388109,4-May-19,Ohio,Springfield,400 block of W High St,0,1
1387012,4-May-19,Maryland,Baltimore,700 block of E 20th St,1,0
1388084,4-May-19,Ohio,Cambridge,954 Wheeling Ave,0,0
1387511,4-May-19,Connecticut,Southington,Long Ln,0,0
1390155,4-May-19,Illinois,Decatur,1200 block of E Sedgwick St,0,0
1386957,4-May-19,Massachusetts,Taunton,Oak St and Maple St,0,0
1387593,4-May-19,Michigan,Battle Creek,Capital Ave and I-94,0,0
1385685,3-May-19,Georgia,Atlanta,1950 Howell Mill Rd NW,2,0
1385945,3-May-19,Pennsylvania,Carlisle,Netherby Ln and Waverly Ln,0,1
1386302,3-May-19,Illinois,Chicago,3661 W Grand Ave,1,0
1389570,3-May-19,Arkansas,Gassville,6854 US-62,1,0
1385989,3-May-19,Massachusetts,Fall River,Dwelly St and Tuttle St,0,0
1385878,3-May-19,Nevada,Henderson,460 N Arroyo Grande Blvd,0,0
1385642,3-May-19,Maryland,Baltimore,2500 block of E Biddle St,0,4
1386316,3-May-19,Indiana,Grant (county),N/A,0,1
1386037,3-May-19,Tennessee,Nashville,904 26th Ave N,0,0
1394921,3-May-19,Pennsylvania,Columbia,600 block of S 13th St,0,0
1386340,3-May-19,Indiana,South Bend,200 block of N Taylor St,0,0
1385636,3-May-19,Indiana,Indianapolis,50 block of N High School Rd,0,0
1387008,3-May-19,Maryland,Oakland,3000 block of Hutton Rd,0,0
1390013,3-May-19,Georgia,Moultrie,902 6th St NW,0,1
1388266,3-May-19,Maryland,Annapolis,US 50,0,0
1386277,3-May-19,Washington,Richland,1682 Jadwin Ave,1,0
1389918,3-May-19,Nebraska,Grand Island,N Grace Ave and W North Front St,0,0
1386631,3-May-19,District of Columbia,Washington,300 block of Franklin St NE,0,0
1386169,2-May-19,Maine,South Portland,113 MacArthur Cir,0,0
1386062,2-May-19,New York,Rochester,N/A,0,0
1386611,2-May-19,Alabama,Athens,14000 block of Cambridge Ln,0,0
2336487,2-May-19,Tennessee,Memphis,N/A,0,2
1385272,2-May-19,Alabama,Athens,15506 Clodessa Dr,0,0
1385968,2-May-19,Texas,Cedar Hill,US 67 and Beltline Rd,1,0
1386475,2-May-19,Indiana,Evansville,6400 block of N 1st Ave,0,0
1385924,2-May-19,New Jersey,Pleasantville,Pleasant Ave and Main St,0,0
1385075,2-May-19,Tennessee,Johnson City,2719 S Roan St,0,1
1775004,2-May-19,Minnesota,Austin,1800 block of Third Ave SW,0,0
1385885,2-May-19,Tennessee,Memphis,4800 block of Forest Hill Irene Rd,0,0
1386453,2-May-19,Illinois,Aurora,600 Commerce Ave,0,0
1385616,2-May-19,Pennsylvania,York,200 block of S Pershing Ave,1,1
1385003,2-May-19,Maryland,Parkville,3006 Linwood Ave,1,1
1385820,2-May-19,Iowa,Storm Lake,1000 block of E 9th St,0,0
1385210,2-May-19,New Jersey,Trenton,Hudson St and Pearl St,1,0
1384959,2-May-19,Illinois,Lake In The Hills,5500 block of Chantilly Cir,0,0
1384989,2-May-19,Pennsylvania,Cairnbrook,No 1 Rd,0,0
1384880,2-May-19,Maryland,Oxon Hill,I-495 and Saint Barnabas Rd,0,0
1385627,2-May-19,District of Columbia,Washington,3500 block of 14th St NW,0,0
1385136,2-May-19,Maryland,Halethorpe (Lansdowne),3901 Hollins Ferry Rd,1,0
1389952,2-May-19,Connecticut,New Haven,Elm St,0,0
1385500,2-May-19,Massachusetts,Plymouth,Samoset St,0,0
1386889,2-May-19,California,Oxnard,3500 block of Schooner Walk,0,0
1385942,2-May-19,New Mexico,Roswell,600 block of Meadow Brook Rd,1,0
1392297,2-May-19,Texas,Killeen,5600 block of Graphite Dr,0,0
